event_id,user_id,event_type,event_timestamp,device,channel,session_id
1602,15,view,2025-10-03 14:50:33,mobile,social,57cdb68c-e5a
1603,17,view,2025-10-03 12:48:04,desktop,social,cd5761cf-fc9
1604,19,view,2025-10-03 20:26:09,desktop,social,45ec31a7-caa
1605,21,view,2025-10-03 15:46:56,mobile,email,840a38ad-fee
1606,24,view,2025-10-03 02:59:08,mobile,direct,5819c07d-ced
1607,31,view,2025-10-03 19:36:42,tablet,direct,b600cfa0-0b5
1608,53,view,2025-10-03 17:21:05,desktop,social,cd04b719-7d5
1609,57,view,2025-10-03 13:43:28,tablet,direct,8025009c-708
1610,65,view,2025-10-03 03:19:58,mobile,direct,a551b598-f5c
1611,79,view,2025-10-03 03:49:24,desktop,search,01f4dda7-6ac
1612,84,view,2025-10-03 12:36:19,desktop,social,c1b9ec9c-3b8
1613,86,view,2025-10-03 22:36:34,mobile,direct,13b8235a-51a
1614,88,view,2025-10-03 16:33:08,tablet,search,7d91d06f-fb5
1615,90,view,2025-10-03 22:56:53,mobile,direct,e9e6b518-1d0
1616,107,view,2025-10-03 17:19:58,desktop,direct,3f7a6c9c-0e5
1617,122,view,2025-10-03 21:03:13,tablet,search,c2a40720-f0c
1618,123,view,2025-10-03 13:06:50,mobile,direct,4c4a953d-54e
1619,127,view,2025-10-03 12:22:40,desktop,email,6178960d-8b5
1620,133,view,2025-10-03 19:13:21,mobile,email,9aeba0a0-1ef
1621,134,view,2025-10-03 04:38:54,desktop,social,5d9f3a51-1bd
1622,139,view,2025-10-03 20:39:36,desktop,direct,8162fc43-321
1623,141,view,2025-10-03 21:33:18,mobile,search,409f41f8-aad
1624,144,view,2025-10-03 20:09:40,desktop,direct,efe55d7f-e31
1625,147,view,2025-10-03 00:34:23,mobile,search,04789a6f-67d
1626,150,view,2025-10-03 06:11:53,mobile,search,4f635040-408
1627,151,view,2025-10-03 07:31:27,mobile,social,9e7db77a-bc9
1628,160,view,2025-10-03 12:42:59,desktop,direct,ec4ee5d8-6af
1629,169,view,2025-10-03 11:09:41,mobile,search,bacaedd1-031
1630,175,view,2025-10-03 05:03:25,desktop,referral,cb6b2d1d-b00
1631,192,view,2025-10-03 03:27:44,mobile,search,28309e7d-c06
1632,194,view,2025-10-03 07:32:12,desktop,referral,475c88c6-321
1633,199,view,2025-10-03 14:05:37,mobile,referral,f83218be-b74
1634,209,view,2025-10-03 19:14:45,desktop,search,12bc1fac-72e
1635,212,view,2025-10-03 17:55:49,desktop,search,e452278e-c30
1636,217,view,2025-10-03 09:48:26,tablet,social,f97ac7e6-13e
1637,222,view,2025-10-03 07:06:32,desktop,direct,fa257e52-637
1638,232,view,2025-10-03 23:19:47,desktop,direct,5e74612c-185
1639,236,view,2025-10-03 12:25:58,desktop,social,da5338bd-276
1640,237,view,2025-10-03 01:49:37,desktop,search,702bc8c2-8cb
1641,250,view,2025-10-03 23:40:30,mobile,direct,bec6c5e4-874
1642,253,view,2025-10-03 02:17:43,desktop,search,adccd46e-ff2
1643,258,view,2025-10-03 22:59:01,desktop,social,26996a3a-e64
1644,260,view,2025-10-03 02:14:32,mobile,direct,ed7c2476-4dd
1645,262,view,2025-10-03 16:53:34,desktop,direct,4abdfe31-833
1646,266,view,2025-10-03 12:35:06,desktop,direct,c34ebbbb-e91
1647,273,view,2025-10-03 01:34:51,tablet,search,162795f0-616
1648,274,view,2025-10-03 00:32:33,tablet,social,f6f52876-019
1649,279,view,2025-10-03 19:34:59,mobile,social,4f0830e8-f79
1650,280,view,2025-10-03 21:23:01,mobile,search,1f395a01-125
1651,284,view,2025-10-03 10:29:19,mobile,direct,0fda6a9a-d33
1652,285,view,2025-10-03 05:36:25,mobile,direct,fd1d6b7c-e3d
1653,287,view,2025-10-03 20:33:03,desktop,direct,bf90579d-e27
1654,290,view,2025-10-03 09:38:19,mobile,direct,1010181e-bf4
1655,291,view,2025-10-03 20:24:50,desktop,direct,c2b848a3-673
1656,299,view,2025-10-03 14:55:39,desktop,search,196f729c-47d
1657,300,view,2025-10-03 15:27:11,desktop,direct,ae8e67c9-1e2
1658,310,view,2025-10-03 04:59:05,mobile,social,0877582f-f47
1659,316,view,2025-10-03 10:38:14,mobile,social,26d2a218-7c6
1660,321,view,2025-10-03 03:35:20,mobile,search,6b66eb7d-260
1661,322,view,2025-10-03 14:53:29,mobile,direct,a1912f8f-28b
1662,328,view,2025-10-03 19:44:56,tablet,email,26e21d9f-232
1663,329,view,2025-10-03 22:28:45,desktop,referral,4b507404-e5e
1664,335,view,2025-10-03 17:19:18,mobile,direct,d5b5da29-9c7
1665,337,view,2025-10-03 06:44:25,desktop,social,00923819-dfb
1666,340,view,2025-10-03 20:20:51,mobile,email,bb35beea-333
1667,341,view,2025-10-03 23:30:04,desktop,search,8ff3780f-cf5
1668,348,view,2025-10-03 02:37:18,mobile,search,6c1f4ecf-cae
1669,349,view,2025-10-03 19:39:39,desktop,search,434a572e-d3c
1670,357,view,2025-10-03 07:57:09,mobile,search,1a38223f-58d
1671,361,view,2025-10-03 17:20:42,mobile,search,695be4eb-711
1672,363,view,2025-10-03 01:08:05,mobile,referral,9b741fcd-628
1673,369,view,2025-10-03 23:02:06,mobile,social,6c22bfa1-2da
1674,372,view,2025-10-03 06:48:33,desktop,direct,21a49b53-f21
1675,378,view,2025-10-03 16:41:24,mobile,search,f715f655-154
1676,391,view,2025-10-03 23:57:10,desktop,social,39ad0729-97e
1677,392,view,2025-10-03 17:40:05,desktop,direct,0b39f85b-b78
1678,408,view,2025-10-03 17:07:46,desktop,search,5635cb1c-e67
1679,415,view,2025-10-03 22:20:20,desktop,email,f29bec6b-a63
1680,419,view,2025-10-03 19:00:12,mobile,search,7705c7bc-302
1681,423,view,2025-10-03 14:12:58,mobile,direct,f3093573-4db
1682,429,view,2025-10-03 19:44:52,tablet,direct,363cd6ac-c53
1683,434,view,2025-10-03 23:53:47,mobile,search,cbf7c8f6-26f
1684,437,view,2025-10-03 10:33:29,mobile,search,e43ae165-dfe
1685,439,view,2025-10-03 17:46:16,desktop,search,76dbb267-328
1686,448,view,2025-10-03 08:57:05,mobile,search,3201ef27-2a2
1687,467,view,2025-10-03 10:40:37,desktop,direct,b2b0f898-f0e
1688,470,view,2025-10-03 19:42:15,desktop,direct,b77d3750-cb6
1689,471,view,2025-10-03 03:47:28,mobile,search,2676aa8d-510
1690,474,view,2025-10-03 11:55:36,desktop,direct,2a86ef3d-5da
1691,481,view,2025-10-03 11:11:03,mobile,email,8964aa7f-da6
1692,486,view,2025-10-03 13:26:13,mobile,direct,d6a54fc2-447
1693,490,view,2025-10-03 14:40:14,desktop,search,52cb36ff-d2b
1694,496,view,2025-10-03 18:05:37,desktop,search,88e68a19-d7a
1695,499,view,2025-10-03 13:02:52,desktop,search,d7983568-9df
1696,508,view,2025-10-03 07:49:07,tablet,social,a2820646-223
1697,512,view,2025-10-03 05:21:35,mobile,search,92e2b914-273
1698,518,view,2025-10-03 01:54:57,desktop,social,5c48575c-776
1699,525,view,2025-10-03 21:20:12,mobile,search,859701b2-48a
1700,528,view,2025-10-03 10:37:33,mobile,search,25452b93-492
1701,529,view,2025-10-03 01:37:18,mobile,social,a6ad75ac-714
1702,530,view,2025-10-03 22:58:13,desktop,search,02c2848d-02f
1703,533,view,2025-10-03 18:48:00,mobile,search,00fa68f5-d4f
1704,534,view,2025-10-03 22:12:22,desktop,social,ce809570-f24
1705,537,view,2025-10-03 07:20:14,desktop,referral,f1680ada-566
1706,543,view,2025-10-03 10:45:48,mobile,search,bc2a8495-232
1707,549,view,2025-10-03 16:59:17,desktop,search,ff5376e5-148
1708,566,view,2025-10-03 08:11:23,mobile,direct,e89db7af-651
1709,578,view,2025-10-03 03:11:53,mobile,search,f1124afe-887
1710,587,view,2025-10-03 15:25:49,desktop,search,1a5fad90-a9e
1711,594,view,2025-10-03 12:26:42,mobile,social,efd87a11-def
1712,597,view,2025-10-03 07:20:51,desktop,search,2917de35-669
1713,599,view,2025-10-03 11:21:49,desktop,social,91396bf2-bb8
1714,601,view,2025-10-03 13:21:31,mobile,direct,da28d3aa-97f
1715,621,view,2025-10-03 14:33:09,desktop,search,3dffc213-9b2
1716,622,view,2025-10-03 11:22:43,mobile,email,e4ac987b-200
1717,623,view,2025-10-03 15:12:14,mobile,direct,19821403-765
1718,630,view,2025-10-03 21:42:47,mobile,direct,25d11236-af2
1719,631,view,2025-10-03 18:11:49,mobile,search,72198f3b-8ef
1720,638,view,2025-10-03 08:58:11,mobile,social,2970b120-8a6
1721,641,view,2025-10-03 06:03:37,tablet,search,c1ea557f-bde
1722,652,view,2025-10-03 21:22:48,mobile,search,ace89b9b-f3e
1723,663,view,2025-10-03 23:28:07,desktop,search,65f9ab73-ea6
1724,677,view,2025-10-03 20:27:46,mobile,direct,4135e97b-ce5
1725,682,view,2025-10-03 00:42:39,mobile,social,e5866a26-b93
1726,694,view,2025-10-03 04:05:44,mobile,direct,7785b72e-b02
1727,697,view,2025-10-03 08:39:15,desktop,search,2ae94ac1-e84
1728,702,view,2025-10-03 05:50:21,mobile,search,a01f2215-997
1729,708,view,2025-10-03 22:55:32,mobile,social,74fa6829-30e
1730,713,view,2025-10-03 15:48:18,mobile,social,38a53d9b-61f
1731,727,view,2025-10-03 21:52:03,desktop,social,5dcab599-9d5
1732,728,view,2025-10-03 14:10:36,mobile,search,6f3b46b5-4b3
1733,730,view,2025-10-03 14:46:16,desktop,direct,21953a7e-b2b
1734,741,view,2025-10-03 16:13:19,mobile,direct,52de944a-902
1735,743,view,2025-10-03 05:00:06,desktop,email,30a40784-610
1736,746,view,2025-10-03 22:45:11,mobile,email,073e03e5-fee
1737,747,view,2025-10-03 14:33:54,mobile,referral,6f86e4de-915
1738,748,view,2025-10-03 17:56:31,mobile,direct,bf04f6b5-c63
1739,752,view,2025-10-03 00:51:09,tablet,search,40dc0b7c-21a
1740,758,view,2025-10-03 01:48:06,mobile,search,a0f498f4-804
1741,771,view,2025-10-03 23:06:15,tablet,social,67dd84cd-5f8
1742,776,view,2025-10-03 18:09:49,mobile,search,03872934-098
1743,788,view,2025-10-03 09:50:28,mobile,social,c37646cf-2fe
1744,805,view,2025-10-03 08:00:00,mobile,search,277db200-2bd
1745,813,view,2025-10-03 10:20:20,mobile,direct,6f44aee8-89b
1746,822,view,2025-10-03 15:37:34,desktop,direct,09fc53e6-e7c
1747,828,view,2025-10-03 03:17:49,desktop,direct,332c0172-d45
1748,832,view,2025-10-03 01:09:36,desktop,search,756cd674-464
1749,833,view,2025-10-03 10:07:34,mobile,direct,22ead81f-785
1750,839,view,2025-10-03 19:39:33,mobile,search,3c52984f-7b2
1751,848,view,2025-10-03 07:20:53,tablet,search,87125d5b-f0a
1752,855,view,2025-10-03 15:46:53,mobile,email,15413ee6-d80
1753,862,view,2025-10-03 18:25:26,desktop,social,d2323f02-fa2
1754,863,view,2025-10-03 13:13:15,mobile,direct,6d56dd74-931
1755,864,view,2025-10-03 11:26:24,tablet,direct,1d956c23-cb4
1756,872,view,2025-10-03 14:29:46,desktop,direct,ef87ba79-545
1757,881,view,2025-10-03 22:18:10,tablet,referral,3d518f27-611
1758,882,view,2025-10-03 21:50:03,mobile,search,b52d7f52-b06
1759,883,view,2025-10-03 04:36:49,mobile,direct,e3bbdcf9-e64
1760,886,view,2025-10-03 23:38:19,mobile,email,ff7571b5-79c
1761,902,view,2025-10-03 20:42:19,desktop,search,fa5ec067-686
1762,908,view,2025-10-03 07:31:08,desktop,email,e16c8eef-1b0
1763,917,view,2025-10-03 13:03:16,mobile,direct,40c8ffb6-25a
1764,920,view,2025-10-03 17:04:06,mobile,search,e90a5d4e-c43
1765,932,view,2025-10-03 19:22:39,mobile,search,ea71bbca-011
1766,933,view,2025-10-03 10:13:54,desktop,email,4d591b0a-57c
1767,938,view,2025-10-03 05:45:46,mobile,email,157969be-86a
1768,939,view,2025-10-03 05:56:47,desktop,search,82bc11c8-fcb
1769,949,view,2025-10-03 23:57:09,mobile,direct,df89d5b5-847
1770,955,view,2025-10-03 07:20:03,mobile,search,60d1f0f6-588
1771,961,view,2025-10-03 03:13:57,tablet,referral,938ea3cc-207
1772,962,view,2025-10-03 02:23:32,mobile,search,86a419d7-774
1773,963,view,2025-10-03 08:26:50,mobile,social,08106fd2-61c
1774,979,view,2025-10-03 01:26:00,mobile,search,e164c396-81c
1775,982,view,2025-10-03 16:41:48,mobile,search,8f76f6d8-a77
1776,984,view,2025-10-03 02:08:48,desktop,search,cc0c4e74-2ef
1777,986,view,2025-10-03 19:22:54,mobile,social,d64ad564-6ba
1778,987,view,2025-10-03 17:39:54,desktop,email,a7a29087-2c8
1779,997,view,2025-10-03 05:07:44,mobile,search,66b648a1-0cc
1780,998,view,2025-10-03 08:52:23,desktop,search,632fe615-505
1781,1022,view,2025-10-03 08:33:58,desktop,search,9b95c9f8-1fe
1782,1023,view,2025-10-03 01:38:39,tablet,direct,45cfe18e-33d
1783,1038,view,2025-10-03 10:18:12,tablet,referral,a020c2cc-981
1784,1043,view,2025-10-03 02:09:57,mobile,search,d161c8a5-fe9
1785,1051,view,2025-10-03 14:24:47,mobile,social,7f4c2481-4e6
1786,1054,view,2025-10-03 20:42:37,desktop,social,d2053fa1-5c0
1787,1058,view,2025-10-03 00:50:58,mobile,social,9a276fcd-9f2
1788,1061,view,2025-10-03 20:42:57,mobile,referral,e4c77c23-358
1789,1064,view,2025-10-03 18:31:29,mobile,search,8421e65a-1c7
1790,1072,view,2025-10-03 21:32:37,mobile,email,9ecb76c8-41e
1791,1078,view,2025-10-03 07:34:18,mobile,direct,d505767b-174
1792,1106,view,2025-10-03 05:22:39,mobile,search,b91c87ff-96c
1793,1109,view,2025-10-03 03:35:14,mobile,social,3771da27-7ce
1794,1116,view,2025-10-03 02:05:36,desktop,direct,11d75165-d69
1795,1117,view,2025-10-03 15:17:51,mobile,social,62124449-9a5
1796,1118,view,2025-10-03 09:22:28,tablet,social,28c47ca8-f15
1797,1119,view,2025-10-03 10:57:28,mobile,social,ba636caa-4cc
1798,1123,view,2025-10-03 12:48:52,desktop,search,4a5b866d-6cb
1799,1127,view,2025-10-03 21:07:02,mobile,social,4197f839-e3b
1800,1142,view,2025-10-03 00:39:44,mobile,search,e8950780-f77
1801,1146,view,2025-10-03 12:18:32,mobile,social,926f5608-003
1802,1147,view,2025-10-03 21:12:03,mobile,search,09936667-8bf
1803,1150,view,2025-10-03 09:28:54,desktop,search,48e6ad62-03c
1804,1154,view,2025-10-03 23:06:22,desktop,search,60fc1f51-5b2
1805,1161,view,2025-10-03 16:42:00,mobile,direct,4a49fc9d-be6
1806,1162,view,2025-10-03 16:49:52,mobile,direct,b7b96b47-2ed
1807,1164,view,2025-10-03 19:55:23,mobile,direct,bef17e0b-4f7
1808,1165,view,2025-10-03 20:33:51,mobile,search,e15b8b1d-c87
1809,1172,view,2025-10-03 02:44:45,mobile,email,366d84a3-3d9
1810,1173,view,2025-10-03 05:11:40,tablet,direct,a0d11b55-ce6
1811,1174,view,2025-10-03 04:10:18,mobile,direct,0b590aac-d94
1812,1175,view,2025-10-03 15:51:01,desktop,search,3b800664-ef3
1813,1182,view,2025-10-03 08:42:02,desktop,social,80a23f46-c22
1814,1185,view,2025-10-03 13:54:33,desktop,direct,a45f6446-b45
1815,1195,view,2025-10-03 20:10:50,mobile,direct,76939b90-38d
1816,1210,view,2025-10-03 20:01:50,desktop,direct,30afae4b-505
1817,1211,view,2025-10-03 06:56:36,desktop,search,7679616a-3db
1818,1218,view,2025-10-03 19:15:45,mobile,direct,9c3da058-93b
1819,1225,view,2025-10-03 12:51:44,mobile,search,98ed56e7-3ec
1820,1235,view,2025-10-03 23:04:46,tablet,social,e283e835-2e7
1821,1236,view,2025-10-03 08:07:29,desktop,search,e72e20e8-ac5
1822,1247,view,2025-10-03 19:30:23,mobile,direct,6b79a8ff-206
1823,1249,view,2025-10-03 05:52:03,mobile,search,1815d632-32f
1824,1263,view,2025-10-03 09:11:35,mobile,search,6fa94515-ecb
1825,1267,view,2025-10-03 21:03:41,mobile,referral,b260a1e5-c6b
1826,1270,view,2025-10-03 16:43:05,mobile,search,a9c22fa4-bdf
1827,1278,view,2025-10-03 14:58:04,mobile,social,3a1567c1-e45
1828,1282,view,2025-10-03 01:28:11,desktop,social,0b1338a1-b56
1829,1283,view,2025-10-03 11:26:33,desktop,direct,14b84266-97e
1830,1297,view,2025-10-03 00:52:02,desktop,email,758f0f78-d91
1831,1298,view,2025-10-03 01:21:16,mobile,search,c3e04da7-000
1832,1300,view,2025-10-03 23:30:48,desktop,search,b72bb817-100
1833,1302,view,2025-10-03 20:44:20,mobile,direct,a4ed277e-b80
1834,1305,view,2025-10-03 15:52:27,mobile,direct,da6f8eac-e5d
1835,1310,view,2025-10-03 00:30:23,desktop,search,6cd1f26b-df2
1836,1315,view,2025-10-03 14:37:32,mobile,search,e42465e8-5c7
1837,1321,view,2025-10-03 16:10:04,mobile,search,6e161945-6d3
1838,1328,view,2025-10-03 13:59:42,mobile,search,7c3ae4e0-297
1839,1342,view,2025-10-03 02:53:07,mobile,search,fd73323b-a82
1840,1347,view,2025-10-03 14:12:55,desktop,search,02e5427b-c1a
1841,1355,view,2025-10-03 05:16:20,tablet,direct,d912dc56-3af
1842,1358,view,2025-10-03 06:43:44,desktop,search,77b19848-ddd
1843,1372,view,2025-10-03 01:58:41,desktop,search,2e1f8448-adb
1844,1376,view,2025-10-03 18:52:46,desktop,search,c941759b-c03
1845,1389,view,2025-10-03 20:24:50,desktop,direct,a167d10f-ecb
1846,1398,view,2025-10-03 03:18:01,mobile,direct,bafd6b5f-622
1847,1402,view,2025-10-03 22:54:13,tablet,direct,d3680657-8f7
1848,1405,view,2025-10-03 23:06:16,mobile,referral,7de3cf43-86f
1849,1406,view,2025-10-03 14:06:49,tablet,search,9b701ef1-e96
1850,1408,view,2025-10-03 21:33:41,mobile,direct,36118a2e-270
1851,1412,view,2025-10-03 06:24:57,desktop,direct,39a3f127-87e
1852,1421,view,2025-10-03 00:49:38,desktop,direct,4fb04956-49d
1853,1422,view,2025-10-03 01:12:12,tablet,search,0f9462f0-dc5
1854,1442,view,2025-10-03 23:46:13,desktop,direct,e831f227-6b9
1855,1443,view,2025-10-03 04:11:29,mobile,search,6b0a3a97-391
1856,1444,view,2025-10-03 15:46:44,mobile,search,6b6df37e-942
1857,1446,view,2025-10-03 17:59:12,mobile,social,be06b874-171
1858,1448,view,2025-10-03 06:31:24,mobile,search,15a7a5c1-523
1859,1460,view,2025-10-03 16:46:48,mobile,search,94ad8d49-931
1860,1461,view,2025-10-03 22:05:44,mobile,social,4de7a03c-6a9
1861,1468,view,2025-10-03 15:00:18,mobile,search,a9fe5952-6b4
1862,1471,view,2025-10-03 05:02:28,desktop,social,35918596-983
1863,1474,view,2025-10-03 01:03:50,desktop,search,03ad724a-d0f
1864,1482,view,2025-10-03 19:01:34,mobile,search,b129a79f-27f
1865,1498,view,2025-10-03 07:13:18,mobile,search,3142416a-8bd
1866,1506,view,2025-10-03 18:37:56,mobile,referral,91b047c9-284
1867,1507,view,2025-10-03 08:31:17,mobile,search,bb36c089-62a
1868,1527,view,2025-10-03 08:05:01,mobile,email,7f77cd65-635
1869,1535,view,2025-10-03 01:57:33,mobile,direct,4b7a856b-977
1870,1536,view,2025-10-03 01:34:30,mobile,search,58658e1e-aff
1871,1550,view,2025-10-03 02:51:21,mobile,email,232649be-316
1872,1566,view,2025-10-03 23:14:18,mobile,search,dfacecbb-db3
1873,1570,view,2025-10-03 14:49:01,mobile,referral,f2eabed8-b9d
1874,1574,view,2025-10-03 18:54:29,desktop,direct,9506276f-9e3
1875,1586,view,2025-10-03 02:59:16,desktop,email,2d03e49a-3f5
1876,1589,view,2025-10-03 18:04:35,mobile,search,a2096576-be8
1877,1597,view,2025-10-03 15:07:01,mobile,direct,4b6c3379-b78
1878,1608,view,2025-10-03 16:41:48,mobile,email,4730e053-74a
1879,1614,view,2025-10-03 18:08:43,mobile,direct,0042c7c0-2f7
1880,1618,view,2025-10-03 23:25:38,mobile,direct,2340eecb-32e
1881,1635,view,2025-10-03 04:44:08,mobile,direct,0473b176-e8b
1882,1639,view,2025-10-03 14:36:46,mobile,search,ae3c962e-9be
1883,1641,view,2025-10-03 02:44:36,mobile,referral,6ced97ae-8b6
1884,1660,view,2025-10-03 16:07:55,desktop,direct,9a789b8b-c20
1885,1662,view,2025-10-03 04:12:51,mobile,search,1f6c8543-5b0
1886,1665,view,2025-10-03 11:43:24,mobile,direct,dc60a793-073
1887,1667,view,2025-10-03 01:26:06,mobile,social,54ac2aab-8f2
1888,1698,view,2025-10-03 21:05:02,mobile,direct,c7996066-e43
1889,1699,view,2025-10-03 23:49:54,desktop,direct,d6f3de93-fff
1890,1700,view,2025-10-03 12:08:54,desktop,direct,77729fca-b40
1891,1709,view,2025-10-03 21:48:39,mobile,search,59ea156d-021
1892,1710,view,2025-10-03 17:54:01,desktop,email,a8269b8e-8e7
1893,1717,view,2025-10-03 12:31:18,mobile,search,29cf10ad-19e
1894,1718,view,2025-10-03 07:42:58,mobile,direct,20fcc657-62d
1895,1727,view,2025-10-03 21:22:06,mobile,search,afc59493-fc8
1896,1732,view,2025-10-03 05:48:44,desktop,social,1d51446b-6e7
1897,1734,view,2025-10-03 12:43:52,mobile,direct,fd3cc572-1a9
1898,1736,view,2025-10-03 18:24:03,mobile,direct,3fa452ec-703
1899,1740,view,2025-10-03 06:57:28,mobile,direct,344d308d-0b9
1900,1742,view,2025-10-03 09:06:55,desktop,social,fd43e92c-6be
1901,1744,view,2025-10-03 09:38:02,desktop,search,e2dd4491-b5e
1902,1752,view,2025-10-03 04:51:29,desktop,search,b616a402-a70
1903,1762,view,2025-10-03 16:27:14,desktop,direct,d96b4d45-3fe
1904,1763,view,2025-10-03 16:01:41,tablet,search,f07f9bec-46e
1905,1768,view,2025-10-03 04:42:31,desktop,referral,3cfbe0fd-578
1906,1773,view,2025-10-03 13:53:38,desktop,direct,504cd730-7c7
1907,1781,view,2025-10-03 03:10:52,tablet,email,88e5b94b-f67
1908,1793,view,2025-10-03 07:57:15,mobile,search,6169a180-48b
1909,1796,view,2025-10-03 07:45:33,desktop,direct,5a84310a-299
1910,1807,view,2025-10-03 09:36:21,desktop,search,fdb86ebe-449
1911,1809,view,2025-10-03 10:38:01,desktop,referral,d89e5aab-6d0
1912,1812,view,2025-10-03 05:53:07,desktop,search,5ec128a7-e16
1913,1814,view,2025-10-03 06:22:33,desktop,email,276dd27d-74d
1914,1818,view,2025-10-03 09:23:38,tablet,direct,65393f06-ba1
1915,1823,view,2025-10-03 06:51:42,mobile,search,8ea00b84-473
1916,1829,view,2025-10-03 01:44:38,mobile,email,760a2255-202
1917,1830,view,2025-10-03 12:22:46,mobile,referral,a84d93cd-9a1
1918,1831,view,2025-10-03 16:35:22,mobile,search,3ee75b49-15e
1919,1832,view,2025-10-03 05:00:36,mobile,search,3929fceb-403
1920,1842,view,2025-10-03 06:49:43,mobile,direct,c73da088-ff6
1921,1843,view,2025-10-03 19:30:44,mobile,direct,a317e40b-570
1922,1865,view,2025-10-03 02:37:56,desktop,direct,1e18b4ce-a16
1923,1866,view,2025-10-03 19:40:54,mobile,direct,139852d9-986
1924,1877,view,2025-10-03 10:43:47,desktop,direct,4a7fd992-c39
1925,1878,view,2025-10-03 12:37:21,desktop,search,1d7049b7-db8
1926,1886,view,2025-10-03 06:52:34,mobile,referral,bd98771b-525
1927,1896,view,2025-10-03 17:59:11,mobile,search,ba2e12fc-126
1928,1905,view,2025-10-03 05:32:59,desktop,search,e2c2bd1f-d50
1929,1910,view,2025-10-03 19:34:06,desktop,referral,c9bbdc61-b3c
1930,1913,view,2025-10-03 16:59:21,mobile,direct,aedd0511-9ea
1931,1914,view,2025-10-03 10:00:22,mobile,search,fee05bd5-6dc
1932,1917,view,2025-10-03 17:34:17,mobile,search,33ce700c-119
1933,1919,view,2025-10-03 01:14:13,mobile,direct,7c1c2422-30c
1934,1927,view,2025-10-03 14:19:35,mobile,social,70571062-cc3
1935,1930,view,2025-10-03 15:54:20,mobile,direct,e9a90706-2a6
1936,1941,view,2025-10-03 11:18:25,desktop,direct,08c5571f-f81
1937,1946,view,2025-10-03 15:30:33,tablet,direct,eb24ea1a-7a6
1938,1948,view,2025-10-03 15:00:29,desktop,referral,d7be6654-3cb
1939,1950,view,2025-10-03 01:09:37,tablet,social,53781b65-8f0
1940,1985,view,2025-10-03 19:09:25,desktop,search,9b540f5f-8db
1941,1987,view,2025-10-03 09:09:12,desktop,search,653cc57e-245
1942,1995,view,2025-10-03 19:35:14,mobile,search,805ded6d-04d
1943,2008,view,2025-10-03 22:01:49,mobile,search,c0398a28-3e4
1944,2026,view,2025-10-03 14:11:24,desktop,search,a15d3736-93d
1945,2032,view,2025-10-03 19:55:10,desktop,direct,41a1e33b-02e
1946,2040,view,2025-10-03 06:03:16,mobile,social,67ea26d8-75e
1947,2041,view,2025-10-03 13:59:08,mobile,direct,58d33894-4ca
1948,2042,view,2025-10-03 21:30:13,desktop,direct,ce82acec-f1b
1949,2044,view,2025-10-03 14:48:53,mobile,social,27366ed1-a34
1950,2052,view,2025-10-03 04:55:22,mobile,search,d0385fca-49e
1951,2053,view,2025-10-03 21:58:18,desktop,search,5a62e72f-0a0
1952,2056,view,2025-10-03 20:01:22,mobile,search,02d0d4b4-d46
1953,2061,view,2025-10-03 07:00:58,desktop,search,38125763-275
1954,2073,view,2025-10-03 03:15:06,desktop,social,7d9e483b-dd5
1955,2076,view,2025-10-03 08:02:23,mobile,social,0ee5da5f-c98
1956,2083,view,2025-10-03 17:52:04,mobile,search,ee5d5c19-6b2
1957,2085,view,2025-10-03 06:11:55,mobile,referral,34d24269-dac
1958,2092,view,2025-10-03 02:52:32,mobile,referral,cd6632aa-6cb
1959,2111,view,2025-10-03 09:34:57,desktop,search,bc2bfee0-6a2
1960,2123,view,2025-10-03 20:52:25,mobile,social,e6be788c-364
1961,2135,view,2025-10-03 12:29:34,mobile,search,c8aa0a29-342
1962,2136,view,2025-10-03 07:33:48,mobile,search,0e5b803b-102
1963,2143,view,2025-10-03 02:28:02,mobile,direct,6c720df7-f57
1964,2145,view,2025-10-03 04:31:08,mobile,search,726ddf94-177
1965,2156,view,2025-10-03 19:40:46,desktop,email,312ee098-e06
1966,2163,view,2025-10-03 06:47:43,mobile,social,45384475-690
1967,2168,view,2025-10-03 21:19:49,mobile,social,ddad863a-0f1
1968,2172,view,2025-10-03 23:52:20,mobile,direct,b7391d88-593
1969,2180,view,2025-10-03 13:41:54,desktop,search,400b6533-040
1970,2184,view,2025-10-03 02:43:47,mobile,direct,222d2909-b07
1971,2198,view,2025-10-03 21:14:34,desktop,search,b0dd52c5-c76
1972,2199,view,2025-10-03 09:11:02,mobile,search,08b97be9-6c8
1973,2205,view,2025-10-03 02:00:40,desktop,search,df9c0863-3b0
1974,2206,view,2025-10-03 00:26:25,mobile,search,965b9aaa-248
1975,2208,view,2025-10-03 14:35:32,tablet,search,8c21c169-438
1976,2209,view,2025-10-03 02:55:41,desktop,search,b35509a5-6e1
1977,2232,view,2025-10-03 01:30:27,desktop,direct,321c82af-d4e
1978,2247,view,2025-10-03 22:32:36,mobile,email,9625605e-487
1979,2253,view,2025-10-03 02:30:33,desktop,direct,16832f1f-b8e
1980,2256,view,2025-10-03 08:37:50,desktop,direct,0b796b34-4c6
1981,2262,view,2025-10-03 13:38:24,mobile,social,9cfbf3f8-3bd
1982,2264,view,2025-10-03 03:23:19,mobile,referral,a0725a94-d10
1983,2266,view,2025-10-03 03:32:56,desktop,social,65bb85e8-484
1984,2274,view,2025-10-03 06:18:47,mobile,direct,362a7061-705
1985,2278,view,2025-10-03 00:48:51,desktop,direct,a6bdd57e-f5a
1986,2279,view,2025-10-03 22:19:39,mobile,referral,6109c4b4-849
1987,2280,view,2025-10-03 15:36:33,mobile,social,1ef59c9e-727
1988,2284,view,2025-10-03 01:34:59,desktop,search,054922c5-578
1989,2289,view,2025-10-03 16:03:09,mobile,direct,42dac7a1-179
1990,2304,view,2025-10-03 07:35:21,tablet,direct,506d916e-10e
1991,2320,view,2025-10-03 16:57:12,desktop,direct,bc23b3fc-e5f
1992,2341,view,2025-10-03 02:07:16,desktop,search,2916e7e0-b2b
1993,2343,view,2025-10-03 18:43:16,desktop,direct,e7123aff-672
1994,2344,view,2025-10-03 04:09:49,desktop,referral,1f052d09-07d
1995,2346,view,2025-10-03 14:11:26,mobile,direct,4d68b565-ac6
1996,2349,view,2025-10-03 10:01:02,desktop,social,3a91397d-165
1997,2356,view,2025-10-03 22:02:17,mobile,direct,845728f5-037
1998,2366,view,2025-10-03 17:15:25,mobile,search,8651f445-673
1999,2368,view,2025-10-03 08:26:38,mobile,direct,3945f999-bfa
2000,2372,view,2025-10-03 19:31:23,desktop,social,36a85f75-a0c
2001,2375,view,2025-10-03 19:39:34,mobile,search,c247d063-302
2002,2376,view,2025-10-03 00:47:14,mobile,direct,0c942801-14b
2003,2379,view,2025-10-03 13:23:23,mobile,email,a395c017-5c2
2004,2382,view,2025-10-03 12:41:16,mobile,search,d29c0674-326
2005,2384,view,2025-10-03 07:17:10,desktop,referral,f0bdca3b-186
2006,2385,view,2025-10-03 20:10:52,desktop,email,e1b55e9d-ec7
2007,2386,view,2025-10-03 19:01:04,mobile,referral,4adec37d-ff6
2008,2402,view,2025-10-03 06:08:54,mobile,direct,11d4f0bb-ff3
2009,2406,view,2025-10-03 02:16:30,desktop,direct,3fc3bc37-da6
2010,2409,view,2025-10-03 01:12:30,mobile,referral,df86405c-290
2011,2410,view,2025-10-03 09:27:35,mobile,search,795cb01f-8e6
2012,2412,view,2025-10-03 12:08:06,mobile,direct,98fa1a4f-557
2013,2413,view,2025-10-03 22:39:32,mobile,social,e2ea7b58-223
2014,2430,view,2025-10-03 07:58:20,mobile,direct,32d03c09-591
2015,2431,view,2025-10-03 20:02:26,mobile,social,f4fa6236-4df
2016,2432,view,2025-10-03 08:10:20,desktop,social,e9e1ba1e-0ba
2017,2434,view,2025-10-03 06:59:37,mobile,social,3bf8dc2f-4e0
2018,2443,view,2025-10-03 11:00:51,desktop,direct,01363732-075
2019,2444,view,2025-10-03 21:18:26,mobile,search,9bf2722f-af8
2020,2447,view,2025-10-03 15:05:39,mobile,search,00a08de1-075
2021,2451,view,2025-10-03 13:41:22,mobile,search,e66b6508-a97
2022,2453,view,2025-10-03 11:24:30,desktop,direct,1323bb08-01f
2023,2456,view,2025-10-03 16:51:43,desktop,search,7d5b4793-e8d
2024,2458,view,2025-10-03 07:03:26,desktop,search,0bb34fdc-15c
2025,2470,view,2025-10-03 16:06:49,desktop,search,9165bf89-916
2026,2471,view,2025-10-03 00:17:46,mobile,social,d78a7be1-335
2027,2476,view,2025-10-03 19:35:06,desktop,search,8b0d5dd9-1e8
2028,2479,view,2025-10-03 14:42:20,desktop,direct,74069deb-6bf
2029,2480,view,2025-10-03 14:01:09,tablet,search,356793d7-958
2030,2486,view,2025-10-03 06:29:10,desktop,social,81baa93b-227
2031,2498,view,2025-10-03 01:08:34,desktop,search,098510cc-254
2032,2499,view,2025-10-03 13:39:59,mobile,search,09f9b1c4-00d
2033,2502,view,2025-10-03 18:05:33,desktop,direct,da218f86-85d
2034,2508,view,2025-10-03 05:54:05,tablet,search,52fcecfb-ae2
2035,2513,view,2025-10-03 12:01:06,desktop,email,62e117a5-d6c
2036,2520,view,2025-10-03 03:29:55,mobile,email,98f210b8-893
2037,2522,view,2025-10-03 10:53:38,mobile,search,721fbe6c-4bd
2038,2523,view,2025-10-03 06:59:03,desktop,social,d7430db8-f15
2039,2526,view,2025-10-03 12:49:38,desktop,email,82c44ce3-d02
2040,2531,view,2025-10-03 19:55:00,desktop,referral,bc106fff-0d7
2041,2537,view,2025-10-03 02:09:47,mobile,search,af267c3e-102
2042,2546,view,2025-10-03 22:37:40,desktop,search,7f1e9bd0-1cc
2043,2559,view,2025-10-03 17:55:17,mobile,search,9ac7aa41-85a
2044,2575,view,2025-10-03 12:34:46,desktop,direct,b2e48ed5-c6c
2045,2577,view,2025-10-03 23:53:05,mobile,search,b6756079-b8b
2046,2578,view,2025-10-03 00:01:21,desktop,social,af10737d-747
2047,2588,view,2025-10-03 00:50:05,mobile,social,ffbe5e6d-692
2048,2591,view,2025-10-03 20:32:24,mobile,email,dced2070-fcc
2049,2608,view,2025-10-03 00:05:34,desktop,direct,1bdd8200-a60
2050,2609,view,2025-10-03 21:17:19,mobile,search,176da094-f42
2051,2626,view,2025-10-03 16:10:17,desktop,direct,06311190-cd0
2052,2629,view,2025-10-03 06:59:29,tablet,direct,7fdcc025-3fa
2053,2643,view,2025-10-03 06:30:52,tablet,email,4486e6a1-95a
2054,2644,view,2025-10-03 07:17:34,mobile,search,2b72f21e-a63
2055,2651,view,2025-10-03 19:17:13,desktop,social,04034f64-2cd
2056,2653,view,2025-10-03 15:51:50,mobile,direct,0965e163-8fc
2057,2658,view,2025-10-03 15:54:13,desktop,search,e849c537-720
2058,2662,view,2025-10-03 19:29:44,desktop,search,c4d45e94-748
2059,2666,view,2025-10-03 20:53:30,mobile,direct,955c693d-28e
2060,2668,view,2025-10-03 22:58:22,mobile,search,d0a6bc5e-f89
2061,2673,view,2025-10-03 05:32:50,mobile,direct,05a30843-f6e
2062,2685,view,2025-10-03 01:03:14,desktop,search,e3dbe7a9-1e3
2063,2687,view,2025-10-03 08:06:24,mobile,referral,0648bdd9-809
2064,2689,view,2025-10-03 22:28:00,desktop,social,6c59aa74-660
2065,2695,view,2025-10-03 10:39:25,mobile,referral,12bc4b3d-49f
2066,2712,view,2025-10-03 08:40:17,tablet,email,0f535dee-043
2067,2718,view,2025-10-03 01:24:11,tablet,email,8666f3a7-2cc
2068,2723,view,2025-10-03 22:57:42,mobile,search,f3471589-6cd
2069,2726,view,2025-10-03 19:28:00,desktop,search,9f511f1b-1dc
2070,2727,view,2025-10-03 03:34:35,desktop,search,2901de6f-543
2071,2737,view,2025-10-03 19:24:51,desktop,social,ccc1866b-cce
2072,2741,view,2025-10-03 05:33:12,mobile,direct,1977f7c0-1c0
2073,2742,view,2025-10-03 14:21:02,mobile,direct,f0ad8b93-951
2074,2749,view,2025-10-03 16:14:35,mobile,referral,69ca353b-031
2075,2753,view,2025-10-03 08:37:54,mobile,direct,c4296e35-960
2076,2758,view,2025-10-03 18:54:12,mobile,referral,e83cf540-8e3
2077,2760,view,2025-10-03 06:17:02,mobile,social,6d931984-9ed
2078,2769,view,2025-10-03 18:36:55,desktop,search,54e19a97-a28
2079,2772,view,2025-10-03 23:01:14,mobile,social,0bfffee5-bf6
2080,2774,view,2025-10-03 11:23:02,desktop,social,a6cdd989-68b
2081,2781,view,2025-10-03 16:24:29,mobile,direct,6a79e01a-075
2082,2783,view,2025-10-03 12:31:18,desktop,social,118ae135-064
2083,2788,view,2025-10-03 14:07:53,tablet,social,7f4c4409-a71
2084,2789,view,2025-10-03 17:43:18,mobile,direct,3e235eb4-57e
2085,2791,view,2025-10-03 16:19:44,desktop,direct,3c748a2f-688
2086,2794,view,2025-10-03 06:03:56,mobile,direct,5945570d-c2c
2087,2796,view,2025-10-03 18:54:43,desktop,direct,3ae5695e-ec3
2088,2799,view,2025-10-03 07:48:50,mobile,direct,2d3860d1-c10
2089,2802,view,2025-10-03 13:36:15,mobile,social,ea431455-986
2090,2803,view,2025-10-03 18:19:55,mobile,search,28375c13-262
2091,2805,view,2025-10-03 18:49:32,mobile,email,f6a1ef97-b2c
2092,2808,view,2025-10-03 05:47:10,mobile,direct,a6cda510-8fa
2093,2814,view,2025-10-03 18:21:56,desktop,search,b8574741-2ea
2094,2827,view,2025-10-03 04:00:39,mobile,search,7e13921d-c8e
2095,2832,view,2025-10-03 01:18:35,desktop,email,590302f4-371
2096,2834,view,2025-10-03 07:15:07,desktop,search,f90002ac-3c3
2097,2835,view,2025-10-03 12:03:14,mobile,search,6a94b175-bce
2098,2841,view,2025-10-03 10:44:25,mobile,email,786ae453-1e2
2099,2842,view,2025-10-03 09:00:25,desktop,search,27301853-a36
2100,2844,view,2025-10-03 16:37:54,mobile,direct,3c2d4897-a04
2101,2850,view,2025-10-03 11:30:32,mobile,search,34845abc-a9e
2102,2855,view,2025-10-03 22:59:38,desktop,social,10de0dd3-e04
2103,2856,view,2025-10-03 12:12:29,mobile,direct,353e9738-7ba
2104,2862,view,2025-10-03 23:26:00,mobile,search,bc004390-417
2105,2874,view,2025-10-03 21:30:34,mobile,search,96a2af7a-d70
2106,2875,view,2025-10-03 23:08:15,mobile,referral,f4f2dda7-005
2107,2883,view,2025-10-03 01:01:09,mobile,search,92d1ab76-98c
2108,2888,view,2025-10-03 22:11:58,mobile,direct,4e7060dd-1b3
2109,2889,view,2025-10-03 04:17:16,mobile,search,eb99fc81-db1
2110,2891,view,2025-10-03 23:25:10,mobile,search,cabd203c-bdc
2111,2904,view,2025-10-03 10:00:30,tablet,social,d375ccfa-0d0
2112,2906,view,2025-10-03 01:17:18,mobile,search,60b57328-cb2
2113,2907,view,2025-10-03 19:00:02,desktop,social,bca2057b-e2a
2114,2908,view,2025-10-03 15:50:00,mobile,social,026f2256-dbd
2115,2918,view,2025-10-03 02:34:11,mobile,referral,08ec1178-f96
2116,2921,view,2025-10-03 02:29:08,desktop,search,e0b9fc5d-7b4
2117,2926,view,2025-10-03 14:37:27,desktop,referral,1b63e350-aee
2118,2928,view,2025-10-03 18:15:23,mobile,direct,24404d3b-f9f
2119,2931,view,2025-10-03 15:54:05,mobile,social,847fe72f-e5b
2120,2933,view,2025-10-03 05:18:18,mobile,search,4d950ddc-15c
2121,2935,view,2025-10-03 02:03:28,desktop,social,d5263fff-18c
2122,2947,view,2025-10-03 22:50:15,mobile,search,74fec1b4-1a1
2123,2950,view,2025-10-03 19:11:09,mobile,social,498af1f9-83f
2124,2954,view,2025-10-03 19:21:16,desktop,referral,9000b853-395
2125,2971,view,2025-10-03 17:46:22,tablet,social,900edcb1-4c9
2126,2984,view,2025-10-03 23:56:30,desktop,social,631abb9b-a27
2127,2993,view,2025-10-03 14:30:03,mobile,direct,f7f5c81c-e80
2128,3000,view,2025-10-03 15:10:17,desktop,direct,dd1fd2bf-976
2129,53,click,2025-10-03 22:16:52,desktop,social,cd04b719-7d5
2130,65,click,2025-10-03 01:40:05,mobile,direct,a551b598-f5c
2131,79,click,2025-10-03 19:50:06,desktop,search,01f4dda7-6ac
2132,84,click,2025-10-03 19:17:20,desktop,social,c1b9ec9c-3b8
2133,86,click,2025-10-03 13:23:55,mobile,direct,13b8235a-51a
2134,88,click,2025-10-03 03:19:33,tablet,search,7d91d06f-fb5
2135,107,click,2025-10-03 13:02:56,desktop,direct,3f7a6c9c-0e5
2136,123,click,2025-10-03 18:49:57,mobile,direct,4c4a953d-54e
2137,133,click,2025-10-03 16:21:06,mobile,email,9aeba0a0-1ef
2138,134,click,2025-10-03 04:56:44,desktop,social,5d9f3a51-1bd
2139,139,click,2025-10-03 17:12:16,desktop,direct,8162fc43-321
2140,147,click,2025-10-03 13:07:56,mobile,search,04789a6f-67d
2141,150,click,2025-10-03 06:51:20,mobile,search,4f635040-408
2142,151,click,2025-10-03 16:56:07,mobile,social,9e7db77a-bc9
2143,175,click,2025-10-03 04:41:02,desktop,referral,cb6b2d1d-b00
2144,192,click,2025-10-03 10:59:13,mobile,search,28309e7d-c06
2145,199,click,2025-10-03 02:28:04,mobile,referral,f83218be-b74
2146,212,click,2025-10-03 19:02:54,desktop,search,e452278e-c30
2147,253,click,2025-10-03 16:45:13,desktop,search,adccd46e-ff2
2148,266,click,2025-10-03 09:09:21,desktop,direct,c34ebbbb-e91
2149,280,click,2025-10-03 08:46:02,mobile,search,1f395a01-125
2150,284,click,2025-10-03 07:14:25,mobile,direct,0fda6a9a-d33
2151,285,click,2025-10-03 08:54:44,mobile,direct,fd1d6b7c-e3d
2152,329,click,2025-10-03 14:10:38,desktop,referral,4b507404-e5e
2153,335,click,2025-10-03 21:28:57,mobile,direct,d5b5da29-9c7
2154,348,click,2025-10-03 05:49:17,mobile,search,6c1f4ecf-cae
2155,391,click,2025-10-03 18:55:16,desktop,social,39ad0729-97e
2156,392,click,2025-10-03 17:17:58,desktop,direct,0b39f85b-b78
2157,408,click,2025-10-03 09:00:54,desktop,search,5635cb1c-e67
2158,415,click,2025-10-03 14:56:36,desktop,email,f29bec6b-a63
2159,419,click,2025-10-03 03:07:57,mobile,search,7705c7bc-302
2160,423,click,2025-10-03 18:26:51,mobile,direct,f3093573-4db
2161,429,click,2025-10-03 21:26:30,tablet,direct,363cd6ac-c53
2162,434,click,2025-10-03 16:41:09,mobile,search,cbf7c8f6-26f
2163,437,click,2025-10-03 18:32:12,mobile,search,e43ae165-dfe
2164,439,click,2025-10-03 14:24:21,desktop,search,76dbb267-328
2165,470,click,2025-10-03 13:44:47,desktop,direct,b77d3750-cb6
2166,486,click,2025-10-03 11:26:24,mobile,direct,d6a54fc2-447
2167,496,click,2025-10-03 06:29:58,desktop,search,88e68a19-d7a
2168,499,click,2025-10-03 22:11:46,desktop,search,d7983568-9df
2169,508,click,2025-10-03 07:55:17,tablet,social,a2820646-223
2170,512,click,2025-10-03 18:33:03,mobile,search,92e2b914-273
2171,529,click,2025-10-03 06:49:24,mobile,social,a6ad75ac-714
2172,530,click,2025-10-03 01:58:31,desktop,search,02c2848d-02f
2173,533,click,2025-10-03 05:49:33,mobile,search,00fa68f5-d4f
2174,534,click,2025-10-03 00:05:10,desktop,social,ce809570-f24
2175,587,click,2025-10-03 21:11:36,desktop,search,1a5fad90-a9e
2176,621,click,2025-10-03 04:59:48,desktop,search,3dffc213-9b2
2177,638,click,2025-10-03 06:07:23,mobile,social,2970b120-8a6
2178,652,click,2025-10-03 14:45:34,mobile,search,ace89b9b-f3e
2179,663,click,2025-10-03 15:22:06,desktop,search,65f9ab73-ea6
2180,682,click,2025-10-03 04:49:41,mobile,social,e5866a26-b93
2181,702,click,2025-10-03 09:14:24,mobile,search,a01f2215-997
2182,727,click,2025-10-03 06:07:49,desktop,social,5dcab599-9d5
2183,752,click,2025-10-03 11:56:04,tablet,search,40dc0b7c-21a
2184,771,click,2025-10-03 18:32:14,tablet,social,67dd84cd-5f8
2185,813,click,2025-10-03 01:38:30,mobile,direct,6f44aee8-89b
2186,828,click,2025-10-03 19:43:40,desktop,direct,332c0172-d45
2187,848,click,2025-10-03 12:49:25,tablet,search,87125d5b-f0a
2188,872,click,2025-10-03 18:21:52,desktop,direct,ef87ba79-545
2189,902,click,2025-10-03 09:07:01,desktop,search,fa5ec067-686
2190,917,click,2025-10-03 12:19:52,mobile,direct,40c8ffb6-25a
2191,939,click,2025-10-03 13:30:03,desktop,search,82bc11c8-fcb
2192,949,click,2025-10-03 09:09:56,mobile,direct,df89d5b5-847
2193,955,click,2025-10-03 21:32:38,mobile,search,60d1f0f6-588
2194,961,click,2025-10-03 18:28:40,tablet,referral,938ea3cc-207
2195,963,click,2025-10-03 21:43:16,mobile,social,08106fd2-61c
2196,987,click,2025-10-03 06:57:24,desktop,email,a7a29087-2c8
2197,997,click,2025-10-03 23:26:27,mobile,search,66b648a1-0cc
2198,998,click,2025-10-03 11:53:29,desktop,search,632fe615-505
2199,1038,click,2025-10-03 09:14:59,tablet,referral,a020c2cc-981
2200,1051,click,2025-10-03 22:00:47,mobile,social,7f4c2481-4e6
2201,1106,click,2025-10-03 21:19:23,mobile,search,b91c87ff-96c
2202,1117,click,2025-10-03 17:24:07,mobile,social,62124449-9a5
2203,1119,click,2025-10-03 20:26:04,mobile,social,ba636caa-4cc
2204,1123,click,2025-10-03 22:54:41,desktop,search,4a5b866d-6cb
2205,1146,click,2025-10-03 09:07:37,mobile,social,926f5608-003
2206,1154,click,2025-10-03 10:41:43,desktop,search,60fc1f51-5b2
2207,1164,click,2025-10-03 18:06:57,mobile,direct,bef17e0b-4f7
2208,1172,click,2025-10-03 07:13:02,mobile,email,366d84a3-3d9
2209,1175,click,2025-10-03 18:33:48,desktop,search,3b800664-ef3
2210,1195,click,2025-10-03 14:47:42,mobile,direct,76939b90-38d
2211,1211,click,2025-10-03 06:38:00,desktop,search,7679616a-3db
2212,1278,click,2025-10-03 02:05:59,mobile,social,3a1567c1-e45
2213,1300,click,2025-10-03 10:09:09,desktop,search,b72bb817-100
2214,1305,click,2025-10-03 09:45:59,mobile,direct,da6f8eac-e5d
2215,1358,click,2025-10-03 13:59:30,desktop,search,77b19848-ddd
2216,1405,click,2025-10-03 16:28:09,mobile,referral,7de3cf43-86f
2217,1406,click,2025-10-03 21:52:20,tablet,search,9b701ef1-e96
2218,1412,click,2025-10-03 00:37:32,desktop,direct,39a3f127-87e
2219,1421,click,2025-10-03 02:44:26,desktop,direct,4fb04956-49d
2220,1444,click,2025-10-03 10:33:17,mobile,search,6b6df37e-942
2221,1460,click,2025-10-03 02:05:53,mobile,search,94ad8d49-931
2222,1474,click,2025-10-03 09:07:11,desktop,search,03ad724a-d0f
2223,1498,click,2025-10-03 18:42:03,mobile,search,3142416a-8bd
2224,1506,click,2025-10-03 12:26:50,mobile,referral,91b047c9-284
2225,1550,click,2025-10-03 16:18:39,mobile,email,232649be-316
2226,1570,click,2025-10-03 03:15:26,mobile,referral,f2eabed8-b9d
2227,1662,click,2025-10-03 19:17:31,mobile,search,1f6c8543-5b0
2228,1665,click,2025-10-03 13:10:23,mobile,direct,dc60a793-073
2229,1709,click,2025-10-03 00:01:32,mobile,search,59ea156d-021
2230,1732,click,2025-10-03 21:14:30,desktop,social,1d51446b-6e7
2231,1734,click,2025-10-03 08:19:55,mobile,direct,fd3cc572-1a9
2232,1752,click,2025-10-03 17:29:17,desktop,search,b616a402-a70
2233,1796,click,2025-10-03 00:27:57,desktop,direct,5a84310a-299
2234,1807,click,2025-10-03 06:04:52,desktop,search,fdb86ebe-449
2235,1830,click,2025-10-03 06:08:34,mobile,referral,a84d93cd-9a1
2236,1831,click,2025-10-03 10:10:32,mobile,search,3ee75b49-15e
2237,1832,click,2025-10-03 07:30:57,mobile,search,3929fceb-403
2238,1843,click,2025-10-03 17:22:45,mobile,direct,a317e40b-570
2239,1866,click,2025-10-03 16:52:33,mobile,direct,139852d9-986
2240,1896,click,2025-10-03 12:13:51,mobile,search,ba2e12fc-126
2241,1905,click,2025-10-03 13:54:09,desktop,search,e2c2bd1f-d50
2242,1919,click,2025-10-03 16:44:35,mobile,direct,7c1c2422-30c
2243,1927,click,2025-10-03 13:18:01,mobile,social,70571062-cc3
2244,1946,click,2025-10-03 14:41:05,tablet,direct,eb24ea1a-7a6
2245,1987,click,2025-10-03 14:04:44,desktop,search,653cc57e-245
2246,1995,click,2025-10-03 15:28:07,mobile,search,805ded6d-04d
2247,2026,click,2025-10-03 21:01:45,desktop,search,a15d3736-93d
2248,2032,click,2025-10-03 15:40:38,desktop,direct,41a1e33b-02e
2249,2041,click,2025-10-03 15:55:14,mobile,direct,58d33894-4ca
2250,2053,click,2025-10-03 14:01:43,desktop,search,5a62e72f-0a0
2251,2076,click,2025-10-03 08:32:20,mobile,social,0ee5da5f-c98
2252,2083,click,2025-10-03 12:49:36,mobile,search,ee5d5c19-6b2
2253,2156,click,2025-10-03 02:47:10,desktop,email,312ee098-e06
2254,2198,click,2025-10-03 21:11:28,desktop,search,b0dd52c5-c76
2255,2199,click,2025-10-03 01:57:31,mobile,search,08b97be9-6c8
2256,2206,click,2025-10-03 15:33:30,mobile,search,965b9aaa-248
2257,2209,click,2025-10-03 02:56:29,desktop,search,b35509a5-6e1
2258,2232,click,2025-10-03 03:09:55,desktop,direct,321c82af-d4e
2259,2247,click,2025-10-03 03:33:53,mobile,email,9625605e-487
2260,2262,click,2025-10-03 18:22:14,mobile,social,9cfbf3f8-3bd
2261,2264,click,2025-10-03 22:11:43,mobile,referral,a0725a94-d10
2262,2289,click,2025-10-03 05:07:08,mobile,direct,42dac7a1-179
2263,2343,click,2025-10-03 04:37:22,desktop,direct,e7123aff-672
2264,2356,click,2025-10-03 11:19:31,mobile,direct,845728f5-037
2265,2366,click,2025-10-03 02:48:17,mobile,search,8651f445-673
2266,2375,click,2025-10-03 21:52:23,mobile,search,c247d063-302
2267,2379,click,2025-10-03 06:30:26,mobile,email,a395c017-5c2
2268,2384,click,2025-10-03 18:25:33,desktop,referral,f0bdca3b-186
2269,2385,click,2025-10-03 12:04:23,desktop,email,e1b55e9d-ec7
2270,2386,click,2025-10-03 19:47:29,mobile,referral,4adec37d-ff6
2271,2402,click,2025-10-03 11:07:59,mobile,direct,11d4f0bb-ff3
2272,2406,click,2025-10-03 05:40:04,desktop,direct,3fc3bc37-da6
2273,2413,click,2025-10-03 19:50:47,mobile,social,e2ea7b58-223
2274,2430,click,2025-10-03 01:05:54,mobile,direct,32d03c09-591
2275,2434,click,2025-10-03 19:24:08,mobile,social,3bf8dc2f-4e0
2276,2443,click,2025-10-03 15:22:11,desktop,direct,01363732-075
2277,2470,click,2025-10-03 15:32:11,desktop,search,9165bf89-916
2278,2476,click,2025-10-03 05:07:20,desktop,search,8b0d5dd9-1e8
2279,2499,click,2025-10-03 16:13:27,mobile,search,09f9b1c4-00d
2280,2502,click,2025-10-03 22:36:04,desktop,direct,da218f86-85d
2281,2520,click,2025-10-03 08:34:58,mobile,email,98f210b8-893
2282,2523,click,2025-10-03 12:58:40,desktop,social,d7430db8-f15
2283,2531,click,2025-10-03 12:37:08,desktop,referral,bc106fff-0d7
2284,2546,click,2025-10-03 04:17:07,desktop,search,7f1e9bd0-1cc
2285,2575,click,2025-10-03 06:09:29,desktop,direct,b2e48ed5-c6c
2286,2577,click,2025-10-03 12:36:59,mobile,search,b6756079-b8b
2287,2591,click,2025-10-03 14:11:05,mobile,email,dced2070-fcc
2288,2608,click,2025-10-03 18:44:47,desktop,direct,1bdd8200-a60
2289,2626,click,2025-10-03 22:02:43,desktop,direct,06311190-cd0
2290,2644,click,2025-10-03 20:41:41,mobile,search,2b72f21e-a63
2291,2658,click,2025-10-03 02:29:45,desktop,search,e849c537-720
2292,2685,click,2025-10-03 09:04:01,desktop,search,e3dbe7a9-1e3
2293,2687,click,2025-10-03 06:21:37,mobile,referral,0648bdd9-809
2294,2689,click,2025-10-03 12:40:52,desktop,social,6c59aa74-660
2295,2695,click,2025-10-03 01:39:33,mobile,referral,12bc4b3d-49f
2296,2712,click,2025-10-03 23:08:50,tablet,email,0f535dee-043
2297,2723,click,2025-10-03 20:20:50,mobile,search,f3471589-6cd
2298,2726,click,2025-10-03 18:31:13,desktop,search,9f511f1b-1dc
2299,2737,click,2025-10-03 15:05:09,desktop,social,ccc1866b-cce
2300,2741,click,2025-10-03 15:45:18,mobile,direct,1977f7c0-1c0
2301,2742,click,2025-10-03 19:06:49,mobile,direct,f0ad8b93-951
2302,2749,click,2025-10-03 06:17:07,mobile,referral,69ca353b-031
2303,2760,click,2025-10-03 14:37:01,mobile,social,6d931984-9ed
2304,2769,click,2025-10-03 15:18:04,desktop,search,54e19a97-a28
2305,2772,click,2025-10-03 04:12:31,mobile,social,0bfffee5-bf6
2306,2788,click,2025-10-03 21:01:31,tablet,social,7f4c4409-a71
2307,2789,click,2025-10-03 07:25:41,mobile,direct,3e235eb4-57e
2308,2799,click,2025-10-03 10:35:30,mobile,direct,2d3860d1-c10
2309,2808,click,2025-10-03 19:29:32,mobile,direct,a6cda510-8fa
2310,2827,click,2025-10-03 16:55:16,mobile,search,7e13921d-c8e
2311,2834,click,2025-10-03 16:26:59,desktop,search,f90002ac-3c3
2312,2842,click,2025-10-03 10:20:36,desktop,search,27301853-a36
2313,2850,click,2025-10-03 18:51:22,mobile,search,34845abc-a9e
2314,2856,click,2025-10-03 03:53:04,mobile,direct,353e9738-7ba
2315,2862,click,2025-10-03 00:17:22,mobile,search,bc004390-417
2316,2875,click,2025-10-03 03:37:43,mobile,referral,f4f2dda7-005
2317,2904,click,2025-10-03 14:58:38,tablet,social,d375ccfa-0d0
2318,2907,click,2025-10-03 05:41:30,desktop,social,bca2057b-e2a
2319,2926,click,2025-10-03 11:22:47,desktop,referral,1b63e350-aee
2320,2935,click,2025-10-03 15:41:12,desktop,social,d5263fff-18c
2321,2950,click,2025-10-03 20:13:58,mobile,social,498af1f9-83f
2322,2984,click,2025-10-03 06:04:36,desktop,social,631abb9b-a27
2323,2993,click,2025-10-03 22:43:50,mobile,direct,f7f5c81c-e80
2324,65,purchase,2025-10-03 21:33:19,mobile,direct,a551b598-f5c
2325,88,purchase,2025-10-03 00:52:20,tablet,search,7d91d06f-fb5
2326,107,purchase,2025-10-03 23:00:01,desktop,direct,3f7a6c9c-0e5
2327,150,purchase,2025-10-03 20:37:46,mobile,search,4f635040-408
2328,434,purchase,2025-10-03 17:16:16,mobile,search,cbf7c8f6-26f
2329,470,purchase,2025-10-03 03:54:17,desktop,direct,b77d3750-cb6
2330,486,purchase,2025-10-03 19:11:33,mobile,direct,d6a54fc2-447
2331,496,purchase,2025-10-03 08:05:14,desktop,search,88e68a19-d7a
2332,663,purchase,2025-10-03 21:52:27,desktop,search,65f9ab73-ea6
2333,771,purchase,2025-10-03 15:36:55,tablet,social,67dd84cd-5f8
2334,961,purchase,2025-10-03 05:09:40,tablet,referral,938ea3cc-207
2335,1051,purchase,2025-10-03 23:17:50,mobile,social,7f4c2481-4e6
2336,1119,purchase,2025-10-03 02:43:22,mobile,social,ba636caa-4cc
2337,1175,purchase,2025-10-03 19:19:03,desktop,search,3b800664-ef3
2338,1406,purchase,2025-10-03 01:17:55,tablet,search,9b701ef1-e96
2339,1412,purchase,2025-10-03 03:54:18,desktop,direct,39a3f127-87e
2340,1474,purchase,2025-10-03 13:36:41,desktop,search,03ad724a-d0f
2341,1662,purchase,2025-10-03 10:25:19,mobile,search,1f6c8543-5b0
2342,1709,purchase,2025-10-03 19:55:55,mobile,search,59ea156d-021
2343,1866,purchase,2025-10-03 04:17:25,mobile,direct,139852d9-986
2344,1919,purchase,2025-10-03 20:32:34,mobile,direct,7c1c2422-30c
2345,2032,purchase,2025-10-03 07:58:15,desktop,direct,41a1e33b-02e
2346,2198,purchase,2025-10-03 14:13:47,desktop,search,b0dd52c5-c76
2347,2209,purchase,2025-10-03 22:13:12,desktop,search,b35509a5-6e1
2348,2264,purchase,2025-10-03 08:23:05,mobile,referral,a0725a94-d10
2349,2289,purchase,2025-10-03 12:45:08,mobile,direct,42dac7a1-179
2350,2366,purchase,2025-10-03 12:07:11,mobile,search,8651f445-673
2351,2385,purchase,2025-10-03 13:19:53,desktop,email,e1b55e9d-ec7
2352,2406,purchase,2025-10-03 00:34:38,desktop,direct,3fc3bc37-da6
2353,2413,purchase,2025-10-03 21:33:29,mobile,social,e2ea7b58-223
2354,2502,purchase,2025-10-03 06:36:18,desktop,direct,da218f86-85d
2355,2531,purchase,2025-10-03 06:29:57,desktop,referral,bc106fff-0d7
2356,2591,purchase,2025-10-03 19:07:37,mobile,email,dced2070-fcc
2357,2685,purchase,2025-10-03 03:25:37,desktop,search,e3dbe7a9-1e3
2358,2695,purchase,2025-10-03 01:40:11,mobile,referral,12bc4b3d-49f
2359,2712,purchase,2025-10-03 11:04:15,tablet,email,0f535dee-043
2360,2723,purchase,2025-10-03 20:58:52,mobile,search,f3471589-6cd
2361,2769,purchase,2025-10-03 13:00:45,desktop,search,54e19a97-a28
2362,2788,purchase,2025-10-03 05:34:06,tablet,social,7f4c4409-a71
2363,2907,purchase,2025-10-03 01:50:18,desktop,social,bca2057b-e2a
