user_id,registration_date,region,age_group
1,2025-09-11,NSW,25-34
2,2025-07-22,NSW,25-34
3,2025-09-01,SA,55-64
4,2025-06-15,VIC,18-24
5,2025-09-15,VIC,35-44
6,2025-08-11,NSW,45-54
7,2025-07-31,NSW,55-64
8,2025-06-21,NSW,35-44
9,2025-09-11,NSW,45-54
10,2025-09-30,QLD,18-24
11,2025-08-22,NSW,25-34
12,2025-08-26,QLD,25-34
13,2025-08-14,NSW,55-64
14,2025-08-14,NSW,18-24
15,2025-08-27,NSW,18-24
16,2025-09-25,QLD,25-34
17,2025-09-08,QLD,18-24
18,2025-09-12,VIC,25-34
19,2025-06-24,VIC,65+
20,2025-06-03,QLD,25-34
21,2025-06-22,NSW,35-44
22,2025-07-23,VIC,45-54
23,2025-06-02,WA,25-34
24,2025-08-27,QLD,18-24
25,2025-09-16,VIC,25-34
26,2025-06-30,SA,25-34
27,2025-07-08,WA,35-44
28,2025-06-02,NSW,25-34
29,2025-08-03,QLD,18-24
30,2025-07-30,QLD,35-44
31,2025-06-21,VIC,55-64
32,2025-07-03,VIC,45-54
33,2025-08-15,VIC,45-54
34,2025-07-28,QLD,45-54
35,2025-06-22,VIC,25-34
36,2025-09-16,WA,45-54
37,2025-08-28,QLD,18-24
38,2025-07-19,NSW,35-44
39,2025-08-30,QLD,35-44
40,2025-07-29,NSW,18-24
41,2025-07-12,QLD,45-54
42,2025-08-31,QLD,55-64
43,2025-07-30,NSW,25-34
44,2025-08-19,VIC,45-54
45,2025-06-15,NSW,18-24
46,2025-08-01,NSW,35-44
47,2025-08-01,VIC,35-44
48,2025-07-17,VIC,35-44
49,2025-08-01,NT,55-64
50,2025-07-21,VIC,55-64
51,2025-09-16,VIC,45-54
52,2025-07-25,VIC,25-34
53,2025-09-24,NSW,55-64
54,2025-08-03,ACT,18-24
55,2025-09-29,QLD,55-64
56,2025-06-03,WA,25-34
57,2025-09-09,NSW,18-24
58,2025-07-21,VIC,35-44
59,2025-06-07,VIC,25-34
60,2025-06-21,WA,25-34
61,2025-08-12,NSW,25-34
62,2025-07-09,NSW,18-24
63,2025-06-18,NT,25-34
64,2025-06-04,VIC,18-24
65,2025-08-28,VIC,25-34
66,2025-07-30,NSW,18-24
67,2025-06-14,ACT,45-54
68,2025-09-22,NSW,25-34
69,2025-09-30,QLD,65+
70,2025-06-09,WA,55-64
71,2025-08-29,NSW,25-34
72,2025-07-23,QLD,45-54
73,2025-06-02,NSW,45-54
74,2025-08-23,NSW,65+
75,2025-08-31,WA,35-44
76,2025-09-19,SA,18-24
77,2025-07-30,QLD,35-44
78,2025-08-10,VIC,35-44
79,2025-07-14,NSW,35-44
80,2025-06-08,NSW,25-34
81,2025-07-17,NSW,55-64
82,2025-07-05,NSW,65+
83,2025-08-17,VIC,25-34
84,2025-08-20,VIC,18-24
85,2025-07-06,VIC,25-34
86,2025-07-20,NSW,45-54
87,2025-09-12,VIC,35-44
88,2025-06-04,WA,35-44
89,2025-06-02,NSW,25-34
90,2025-06-06,TAS,35-44
91,2025-07-24,SA,25-34
92,2025-09-14,NSW,35-44
93,2025-06-04,WA,45-54
94,2025-07-24,VIC,65+
95,2025-09-01,VIC,55-64
96,2025-08-02,VIC,55-64
97,2025-06-18,VIC,25-34
98,2025-08-29,VIC,35-44
99,2025-07-14,VIC,45-54
100,2025-07-04,QLD,55-64
101,2025-08-13,QLD,18-24
102,2025-08-01,VIC,25-34
103,2025-09-08,QLD,18-24
104,2025-06-14,NSW,35-44
105,2025-09-03,NSW,25-34
106,2025-07-18,WA,25-34
107,2025-06-15,NSW,18-24
108,2025-08-11,NSW,25-34
109,2025-08-17,NSW,55-64
110,2025-08-26,NSW,25-34
111,2025-09-29,ACT,45-54
112,2025-08-01,VIC,35-44
113,2025-07-10,TAS,55-64
114,2025-08-24,VIC,18-24
115,2025-08-19,VIC,65+
116,2025-09-17,NSW,35-44
117,2025-08-21,QLD,65+
118,2025-09-19,NSW,55-64
119,2025-07-23,SA,25-34
120,2025-06-24,WA,18-24
121,2025-06-26,NSW,25-34
122,2025-08-28,ACT,35-44
123,2025-07-30,WA,25-34
124,2025-09-17,QLD,25-34
125,2025-07-11,NSW,35-44
126,2025-06-29,VIC,18-24
127,2025-06-15,VIC,18-24
128,2025-07-15,NSW,25-34
129,2025-08-04,NSW,18-24
130,2025-08-28,WA,25-34
131,2025-08-10,NSW,35-44
132,2025-06-09,QLD,25-34
133,2025-08-27,TAS,55-64
134,2025-06-01,SA,35-44
135,2025-09-16,NSW,35-44
136,2025-06-08,SA,25-34
137,2025-08-27,NSW,45-54
138,2025-08-02,NSW,55-64
139,2025-06-11,QLD,55-64
140,2025-09-23,VIC,35-44
141,2025-08-20,VIC,18-24
142,2025-06-08,VIC,25-34
143,2025-07-05,NSW,18-24
144,2025-07-05,NSW,55-64
145,2025-07-03,VIC,35-44
146,2025-06-05,WA,45-54
147,2025-09-14,QLD,25-34
148,2025-09-11,NSW,55-64
149,2025-09-30,VIC,25-34
150,2025-07-11,NSW,18-24
151,2025-06-28,NSW,25-34
152,2025-06-07,WA,35-44
153,2025-08-12,NSW,35-44
154,2025-08-11,NSW,55-64
155,2025-06-12,QLD,18-24
156,2025-07-04,QLD,35-44
157,2025-07-03,QLD,35-44
158,2025-07-18,NSW,25-34
159,2025-09-27,NSW,45-54
160,2025-06-23,NSW,45-54
161,2025-08-01,NSW,45-54
162,2025-08-27,QLD,55-64
163,2025-07-07,SA,45-54
164,2025-09-07,QLD,25-34
165,2025-07-14,WA,45-54
166,2025-09-12,VIC,25-34
167,2025-08-25,QLD,25-34
168,2025-08-30,VIC,18-24
169,2025-07-05,VIC,45-54
170,2025-08-04,VIC,45-54
171,2025-09-07,NSW,25-34
172,2025-09-09,VIC,45-54
173,2025-07-17,ACT,55-64
174,2025-08-17,NSW,18-24
175,2025-06-03,NSW,25-34
176,2025-06-01,VIC,45-54
177,2025-06-05,WA,25-34
178,2025-08-29,VIC,35-44
179,2025-09-27,QLD,18-24
180,2025-06-14,NSW,25-34
181,2025-09-11,QLD,45-54
182,2025-06-27,NSW,45-54
183,2025-06-09,WA,45-54
184,2025-08-18,QLD,55-64
185,2025-06-15,NSW,45-54
186,2025-08-29,NSW,35-44
187,2025-07-12,NSW,18-24
188,2025-08-16,VIC,35-44
189,2025-07-21,NSW,18-24
190,2025-08-02,QLD,45-54
191,2025-09-04,VIC,25-34
192,2025-09-11,NSW,35-44
193,2025-09-21,NSW,25-34
194,2025-07-22,NSW,45-54
195,2025-09-04,SA,55-64
196,2025-06-04,NSW,25-34
197,2025-09-02,QLD,55-64
198,2025-09-09,WA,25-34
199,2025-06-23,QLD,35-44
200,2025-09-11,SA,55-64
201,2025-09-17,VIC,25-34
202,2025-06-15,ACT,65+
203,2025-07-13,NSW,18-24
204,2025-06-29,NSW,18-24
205,2025-07-06,QLD,55-64
206,2025-06-13,TAS,18-24
207,2025-07-02,WA,65+
208,2025-08-10,NSW,65+
209,2025-07-29,NSW,18-24
210,2025-09-23,TAS,35-44
211,2025-08-25,NSW,25-34
212,2025-06-28,WA,25-34
213,2025-08-05,WA,18-24
214,2025-07-12,VIC,25-34
215,2025-07-15,VIC,25-34
216,2025-08-01,VIC,25-34
217,2025-07-27,NSW,65+
218,2025-09-25,SA,45-54
219,2025-06-06,VIC,45-54
220,2025-06-28,SA,35-44
221,2025-06-28,NSW,45-54
222,2025-09-16,NT,25-34
223,2025-07-14,VIC,45-54
224,2025-08-23,NSW,65+
225,2025-06-30,NSW,25-34
226,2025-08-01,QLD,35-44
227,2025-08-14,QLD,55-64
228,2025-09-30,WA,55-64
229,2025-09-27,NSW,45-54
230,2025-08-31,NSW,25-34
231,2025-08-28,VIC,25-34
232,2025-09-11,VIC,18-24
233,2025-08-01,VIC,45-54
234,2025-09-05,NT,18-24
235,2025-06-01,ACT,55-64
236,2025-09-29,TAS,18-24
237,2025-06-27,WA,25-34
238,2025-08-01,VIC,35-44
239,2025-09-29,VIC,45-54
240,2025-09-24,VIC,18-24
241,2025-08-16,WA,25-34
242,2025-09-13,NSW,35-44
243,2025-06-03,VIC,25-34
244,2025-09-11,NSW,18-24
245,2025-08-09,VIC,45-54
246,2025-08-11,SA,35-44
247,2025-06-27,WA,18-24
248,2025-06-09,NSW,45-54
249,2025-08-01,ACT,65+
250,2025-07-07,QLD,35-44
251,2025-09-05,NSW,35-44
252,2025-07-21,NSW,55-64
253,2025-09-14,NSW,65+
254,2025-07-14,NSW,45-54
255,2025-06-24,ACT,25-34
256,2025-08-18,VIC,35-44
257,2025-07-29,SA,45-54
258,2025-09-26,NSW,25-34
259,2025-07-02,NSW,25-34
260,2025-09-04,VIC,45-54
261,2025-08-27,NSW,35-44
262,2025-09-13,VIC,25-34
263,2025-07-22,TAS,35-44
264,2025-09-21,VIC,18-24
265,2025-08-01,QLD,25-34
266,2025-09-21,NSW,45-54
267,2025-07-28,NSW,25-34
268,2025-07-22,NSW,25-34
269,2025-06-12,QLD,65+
270,2025-07-09,NSW,25-34
271,2025-06-02,VIC,25-34
272,2025-06-03,VIC,65+
273,2025-09-21,VIC,45-54
274,2025-09-09,NSW,45-54
275,2025-09-21,NSW,55-64
276,2025-07-26,TAS,18-24
277,2025-08-20,QLD,45-54
278,2025-07-29,VIC,35-44
279,2025-09-21,NSW,45-54
280,2025-06-02,NT,35-44
281,2025-06-02,QLD,35-44
282,2025-08-31,NSW,35-44
283,2025-07-24,SA,35-44
284,2025-08-26,NSW,45-54
285,2025-09-09,VIC,35-44
286,2025-09-04,QLD,35-44
287,2025-09-05,NSW,25-34
288,2025-06-01,ACT,35-44
289,2025-06-19,QLD,45-54
290,2025-06-02,VIC,45-54
291,2025-07-23,NSW,45-54
292,2025-07-14,NSW,55-64
293,2025-08-29,NSW,45-54
294,2025-07-02,WA,35-44
295,2025-08-09,NSW,35-44
296,2025-07-02,VIC,55-64
297,2025-09-27,QLD,35-44
298,2025-08-07,NSW,45-54
299,2025-07-25,QLD,45-54
300,2025-08-14,NSW,35-44
301,2025-07-26,ACT,25-34
302,2025-06-17,VIC,25-34
303,2025-07-08,NSW,65+
304,2025-06-24,VIC,35-44
305,2025-08-08,VIC,35-44
306,2025-09-24,WA,55-64
307,2025-09-06,QLD,35-44
308,2025-08-09,QLD,35-44
309,2025-08-25,NSW,45-54
310,2025-06-11,NSW,45-54
311,2025-09-20,NSW,25-34
312,2025-06-16,VIC,35-44
313,2025-09-05,SA,35-44
314,2025-08-12,VIC,25-34
315,2025-07-29,NSW,35-44
316,2025-08-09,VIC,25-34
317,2025-08-19,WA,25-34
318,2025-09-01,QLD,25-34
319,2025-06-03,SA,18-24
320,2025-06-20,NSW,35-44
321,2025-07-29,NSW,55-64
322,2025-07-06,SA,45-54
323,2025-06-19,QLD,25-34
324,2025-08-29,NSW,18-24
325,2025-08-06,QLD,25-34
326,2025-06-19,WA,35-44
327,2025-06-20,QLD,25-34
328,2025-09-04,QLD,35-44
329,2025-08-10,VIC,25-34
330,2025-07-22,VIC,55-64
331,2025-09-13,VIC,25-34
332,2025-07-03,SA,25-34
333,2025-07-10,WA,45-54
334,2025-07-09,WA,25-34
335,2025-08-21,NSW,18-24
336,2025-09-12,QLD,35-44
337,2025-06-01,WA,35-44
338,2025-06-11,QLD,45-54
339,2025-08-31,WA,25-34
340,2025-07-27,SA,25-34
341,2025-08-28,VIC,25-34
342,2025-07-20,VIC,18-24
343,2025-06-23,NSW,55-64
344,2025-07-01,VIC,45-54
345,2025-09-02,QLD,25-34
346,2025-07-12,WA,35-44
347,2025-09-07,NSW,25-34
348,2025-06-07,NSW,55-64
349,2025-06-16,QLD,18-24
350,2025-08-29,NSW,18-24
351,2025-09-20,NSW,35-44
352,2025-09-29,NSW,35-44
353,2025-09-24,NSW,35-44
354,2025-07-30,NSW,18-24
355,2025-09-21,VIC,25-34
356,2025-06-02,VIC,35-44
357,2025-06-01,SA,25-34
358,2025-07-18,VIC,55-64
359,2025-06-12,QLD,18-24
360,2025-08-08,NSW,35-44
361,2025-07-07,NSW,45-54
362,2025-07-02,QLD,25-34
363,2025-09-27,NSW,35-44
364,2025-06-09,VIC,45-54
365,2025-09-13,QLD,25-34
366,2025-09-07,QLD,55-64
367,2025-06-19,NSW,35-44
368,2025-07-18,NSW,25-34
369,2025-08-19,QLD,25-34
370,2025-06-03,NSW,25-34
371,2025-06-20,QLD,45-54
372,2025-06-24,QLD,45-54
373,2025-07-24,NT,45-54
374,2025-09-28,NSW,65+
375,2025-07-03,WA,45-54
376,2025-06-24,VIC,35-44
377,2025-09-24,VIC,25-34
378,2025-08-14,NSW,35-44
379,2025-09-21,QLD,18-24
380,2025-08-11,NSW,45-54
381,2025-07-06,VIC,25-34
382,2025-07-08,NSW,18-24
383,2025-09-12,WA,18-24
384,2025-08-23,WA,25-34
385,2025-09-07,QLD,35-44
386,2025-09-20,NSW,35-44
387,2025-08-28,NSW,35-44
388,2025-09-07,QLD,35-44
389,2025-06-25,VIC,35-44
390,2025-09-01,NSW,25-34
391,2025-06-18,QLD,18-24
392,2025-09-18,NT,35-44
393,2025-08-21,QLD,35-44
394,2025-08-05,QLD,18-24
395,2025-07-24,ACT,25-34
396,2025-07-05,NSW,18-24
397,2025-08-19,VIC,35-44
398,2025-07-31,ACT,25-34
399,2025-07-11,NSW,35-44
400,2025-09-08,QLD,45-54
401,2025-07-03,VIC,25-34
402,2025-08-07,VIC,65+
403,2025-07-03,QLD,35-44
404,2025-06-14,TAS,35-44
405,2025-06-21,WA,45-54
406,2025-07-18,NSW,35-44
407,2025-06-20,SA,35-44
408,2025-09-28,NSW,25-34
409,2025-06-08,VIC,18-24
410,2025-06-07,VIC,18-24
411,2025-08-06,VIC,25-34
412,2025-06-17,VIC,25-34
413,2025-07-03,TAS,25-34
414,2025-07-18,QLD,18-24
415,2025-08-15,QLD,45-54
416,2025-07-29,NSW,55-64
417,2025-09-23,SA,55-64
418,2025-08-25,SA,35-44
419,2025-09-27,WA,45-54
420,2025-06-22,NSW,55-64
421,2025-09-18,NSW,25-34
422,2025-06-30,NSW,25-34
423,2025-07-08,NSW,55-64
424,2025-09-10,VIC,35-44
425,2025-09-17,TAS,35-44
426,2025-07-21,VIC,25-34
427,2025-07-24,NSW,18-24
428,2025-06-08,NSW,55-64
429,2025-06-27,NSW,35-44
430,2025-06-27,NSW,25-34
431,2025-09-06,NSW,25-34
432,2025-06-21,NSW,35-44
433,2025-06-30,WA,35-44
434,2025-09-05,ACT,25-34
435,2025-06-28,VIC,55-64
436,2025-09-19,VIC,18-24
437,2025-08-03,SA,25-34
438,2025-09-05,NSW,45-54
439,2025-08-08,NSW,25-34
440,2025-07-31,SA,45-54
441,2025-07-18,NSW,45-54
442,2025-06-19,QLD,45-54
443,2025-06-04,VIC,18-24
444,2025-07-05,VIC,18-24
445,2025-08-03,NSW,25-34
446,2025-07-19,WA,35-44
447,2025-06-17,NSW,45-54
448,2025-07-14,NSW,45-54
449,2025-08-31,QLD,45-54
450,2025-06-30,VIC,55-64
451,2025-09-01,NSW,45-54
452,2025-07-16,SA,25-34
453,2025-09-25,VIC,25-34
454,2025-06-06,WA,45-54
455,2025-09-07,WA,25-34
456,2025-09-13,QLD,18-24
457,2025-07-07,VIC,35-44
458,2025-06-24,ACT,45-54
459,2025-09-01,NSW,18-24
460,2025-09-21,QLD,45-54
461,2025-07-16,NSW,45-54
462,2025-07-23,VIC,35-44
463,2025-09-03,NSW,18-24
464,2025-09-07,TAS,25-34
465,2025-07-30,ACT,45-54
466,2025-09-05,NSW,45-54
467,2025-09-24,NSW,55-64
468,2025-08-02,QLD,35-44
469,2025-08-24,VIC,18-24
470,2025-07-02,NSW,18-24
471,2025-08-26,QLD,45-54
472,2025-07-03,VIC,25-34
473,2025-08-06,NT,25-34
474,2025-06-18,NSW,35-44
475,2025-06-25,VIC,18-24
476,2025-09-14,VIC,25-34
477,2025-09-03,WA,25-34
478,2025-07-24,VIC,25-34
479,2025-07-28,QLD,18-24
480,2025-08-06,NSW,45-54
481,2025-09-12,SA,45-54
482,2025-07-16,VIC,25-34
483,2025-06-24,NSW,45-54
484,2025-09-22,QLD,25-34
485,2025-07-02,NSW,35-44
486,2025-07-17,NSW,55-64
487,2025-08-25,SA,45-54
488,2025-06-23,VIC,45-54
489,2025-08-05,QLD,18-24
490,2025-06-27,NSW,18-24
491,2025-09-14,WA,55-64
492,2025-06-02,NSW,25-34
493,2025-08-29,VIC,25-34
494,2025-06-17,ACT,45-54
495,2025-09-12,WA,45-54
496,2025-07-03,VIC,55-64
497,2025-06-09,VIC,25-34
498,2025-07-13,SA,55-64
499,2025-09-26,VIC,18-24
500,2025-07-18,WA,18-24
501,2025-07-09,WA,35-44
502,2025-09-01,NSW,18-24
503,2025-07-12,NSW,25-34
504,2025-09-27,QLD,35-44
505,2025-06-26,NSW,25-34
506,2025-09-07,NSW,25-34
507,2025-07-20,TAS,25-34
508,2025-06-25,VIC,25-34
509,2025-06-24,WA,35-44
510,2025-06-13,VIC,45-54
511,2025-07-30,VIC,45-54
512,2025-09-30,NSW,25-34
513,2025-06-07,VIC,55-64
514,2025-07-27,NSW,18-24
515,2025-07-06,VIC,25-34
516,2025-07-15,WA,45-54
517,2025-06-20,VIC,25-34
518,2025-08-04,VIC,65+
519,2025-06-08,VIC,35-44
520,2025-09-18,NSW,45-54
521,2025-06-16,VIC,25-34
522,2025-06-14,NSW,25-34
523,2025-08-15,NSW,25-34
524,2025-09-23,NSW,45-54
525,2025-08-26,VIC,35-44
526,2025-06-15,WA,65+
527,2025-08-31,NSW,25-34
528,2025-09-06,NSW,18-24
529,2025-08-05,QLD,25-34
530,2025-07-02,NSW,35-44
531,2025-08-26,SA,55-64
532,2025-08-02,VIC,25-34
533,2025-08-25,VIC,35-44
534,2025-07-21,VIC,25-34
535,2025-06-25,NSW,35-44
536,2025-07-28,QLD,55-64
537,2025-08-02,VIC,25-34
538,2025-08-01,SA,25-34
539,2025-06-22,NSW,65+
540,2025-07-28,VIC,55-64
541,2025-07-28,QLD,35-44
542,2025-08-25,NSW,35-44
543,2025-07-19,VIC,25-34
544,2025-07-22,QLD,35-44
545,2025-07-12,WA,55-64
546,2025-08-09,NSW,45-54
547,2025-06-15,WA,25-34
548,2025-07-24,ACT,25-34
549,2025-09-15,SA,25-34
550,2025-07-30,NSW,25-34
551,2025-09-09,QLD,18-24
552,2025-09-05,NSW,25-34
553,2025-06-08,NT,18-24
554,2025-07-23,VIC,25-34
555,2025-07-30,NSW,35-44
556,2025-09-16,QLD,25-34
557,2025-09-16,NSW,18-24
558,2025-06-05,NT,25-34
559,2025-09-11,ACT,25-34
560,2025-08-07,QLD,35-44
561,2025-06-06,NSW,18-24
562,2025-09-17,QLD,45-54
563,2025-09-04,NSW,55-64
564,2025-09-24,NSW,45-54
565,2025-09-02,WA,35-44
566,2025-07-17,NSW,55-64
567,2025-09-07,VIC,45-54
568,2025-07-25,ACT,18-24
569,2025-07-10,VIC,25-34
570,2025-07-22,NSW,55-64
571,2025-06-16,TAS,25-34
572,2025-06-13,NSW,18-24
573,2025-09-22,WA,45-54
574,2025-09-14,NT,45-54
575,2025-06-30,SA,25-34
576,2025-06-19,QLD,35-44
577,2025-06-17,NSW,25-34
578,2025-09-28,NSW,45-54
579,2025-08-02,WA,25-34
580,2025-06-19,SA,25-34
581,2025-08-31,VIC,55-64
582,2025-07-28,NSW,35-44
583,2025-07-25,NSW,35-44
584,2025-08-29,NSW,25-34
585,2025-09-09,QLD,25-34
586,2025-08-29,VIC,35-44
587,2025-09-25,SA,18-24
588,2025-08-01,QLD,25-34
589,2025-06-23,NSW,25-34
590,2025-06-09,QLD,45-54
591,2025-06-12,VIC,65+
592,2025-09-25,VIC,65+
593,2025-06-01,QLD,25-34
594,2025-07-28,WA,25-34
595,2025-09-30,SA,25-34
596,2025-06-01,NSW,55-64
597,2025-09-19,NSW,25-34
598,2025-07-04,QLD,65+
599,2025-09-04,NSW,25-34
600,2025-09-26,NSW,65+
601,2025-07-18,NSW,45-54
602,2025-08-28,QLD,45-54
603,2025-09-12,NSW,25-34
604,2025-09-17,QLD,18-24
605,2025-09-25,NT,25-34
606,2025-06-01,NSW,25-34
607,2025-06-16,NSW,18-24
608,2025-07-31,VIC,35-44
609,2025-09-11,SA,25-34
610,2025-08-03,NSW,35-44
611,2025-08-02,VIC,35-44
612,2025-08-08,NSW,18-24
613,2025-06-22,WA,65+
614,2025-09-01,VIC,25-34
615,2025-09-27,WA,25-34
616,2025-08-06,SA,35-44
617,2025-08-15,NSW,45-54
618,2025-06-26,WA,18-24
619,2025-06-16,NSW,25-34
620,2025-07-21,SA,35-44
621,2025-09-09,QLD,25-34
622,2025-08-25,SA,35-44
623,2025-07-27,NSW,55-64
624,2025-06-29,NSW,65+
625,2025-08-17,VIC,18-24
626,2025-08-31,VIC,25-34
627,2025-08-08,NSW,25-34
628,2025-07-17,VIC,25-34
629,2025-09-21,NSW,25-34
630,2025-09-02,VIC,25-34
631,2025-09-18,WA,65+
632,2025-08-01,VIC,55-64
633,2025-09-24,NSW,18-24
634,2025-08-08,VIC,25-34
635,2025-08-15,NSW,25-34
636,2025-06-16,ACT,25-34
637,2025-08-29,NSW,35-44
638,2025-08-29,QLD,35-44
639,2025-07-18,ACT,55-64
640,2025-08-24,WA,45-54
641,2025-07-09,QLD,35-44
642,2025-09-08,WA,35-44
643,2025-07-03,NT,25-34
644,2025-09-02,QLD,35-44
645,2025-09-09,VIC,35-44
646,2025-06-23,QLD,18-24
647,2025-09-30,VIC,25-34
648,2025-06-10,QLD,25-34
649,2025-09-26,VIC,55-64
650,2025-08-08,NSW,25-34
651,2025-09-08,NSW,25-34
652,2025-07-04,NSW,25-34
653,2025-07-22,NSW,35-44
654,2025-09-03,NSW,18-24
655,2025-06-10,VIC,65+
656,2025-09-30,NSW,55-64
657,2025-06-19,WA,35-44
658,2025-07-28,NSW,35-44
659,2025-09-04,NSW,18-24
660,2025-06-01,QLD,25-34
661,2025-09-28,QLD,45-54
662,2025-08-08,NSW,18-24
663,2025-09-17,SA,25-34
664,2025-06-04,SA,35-44
665,2025-06-16,VIC,25-34
666,2025-06-24,VIC,55-64
667,2025-08-19,NT,18-24
668,2025-09-27,QLD,45-54
669,2025-06-02,VIC,35-44
670,2025-09-21,WA,45-54
671,2025-08-31,NSW,25-34
672,2025-07-02,VIC,35-44
673,2025-08-30,NSW,55-64
674,2025-08-23,WA,35-44
675,2025-06-24,VIC,25-34
676,2025-06-12,QLD,35-44
677,2025-07-20,NSW,45-54
678,2025-07-05,NSW,25-34
679,2025-07-03,VIC,55-64
680,2025-07-03,QLD,25-34
681,2025-07-31,VIC,35-44
682,2025-07-21,NSW,45-54
683,2025-07-13,SA,45-54
684,2025-09-09,NSW,55-64
685,2025-06-12,ACT,65+
686,2025-08-06,NSW,25-34
687,2025-08-04,QLD,18-24
688,2025-07-03,NSW,18-24
689,2025-07-10,TAS,45-54
690,2025-08-13,VIC,55-64
691,2025-07-13,NSW,25-34
692,2025-07-14,VIC,18-24
693,2025-06-29,NSW,18-24
694,2025-06-13,NSW,45-54
695,2025-06-12,TAS,25-34
696,2025-09-03,VIC,25-34
697,2025-07-16,WA,35-44
698,2025-06-02,QLD,45-54
699,2025-09-23,QLD,35-44
700,2025-09-22,NSW,35-44
701,2025-07-05,NSW,25-34
702,2025-08-26,WA,35-44
703,2025-08-20,ACT,45-54
704,2025-08-29,NSW,65+
705,2025-06-08,NSW,25-34
706,2025-09-01,VIC,18-24
707,2025-06-26,NT,18-24
708,2025-08-13,NSW,25-34
709,2025-08-29,VIC,45-54
710,2025-07-04,SA,18-24
711,2025-09-23,NSW,25-34
712,2025-09-13,NSW,25-34
713,2025-06-07,QLD,18-24
714,2025-08-07,SA,25-34
715,2025-07-28,NSW,25-34
716,2025-09-25,VIC,25-34
717,2025-09-22,VIC,45-54
718,2025-09-17,VIC,35-44
719,2025-08-14,QLD,18-24
720,2025-06-29,VIC,65+
721,2025-09-28,VIC,35-44
722,2025-07-06,VIC,45-54
723,2025-08-28,QLD,18-24
724,2025-06-21,VIC,18-24
725,2025-09-29,SA,18-24
726,2025-07-06,NSW,25-34
727,2025-06-10,WA,25-34
728,2025-09-09,SA,55-64
729,2025-08-12,NSW,25-34
730,2025-06-24,VIC,25-34
731,2025-08-03,VIC,35-44
732,2025-09-07,NSW,18-24
733,2025-07-19,VIC,35-44
734,2025-09-07,NSW,35-44
735,2025-09-20,NSW,45-54
736,2025-07-06,WA,65+
737,2025-08-21,NSW,25-34
738,2025-09-21,WA,35-44
739,2025-09-11,VIC,55-64
740,2025-09-04,SA,45-54
741,2025-06-24,VIC,35-44
742,2025-06-23,NSW,65+
743,2025-08-01,QLD,18-24
744,2025-09-04,NSW,55-64
745,2025-07-07,VIC,18-24
746,2025-06-12,TAS,35-44
747,2025-09-21,NSW,55-64
748,2025-07-25,VIC,25-34
749,2025-06-13,QLD,35-44
750,2025-06-23,SA,25-34
751,2025-08-28,QLD,65+
752,2025-09-07,NSW,45-54
753,2025-09-13,QLD,45-54
754,2025-06-30,NSW,35-44
755,2025-06-17,QLD,45-54
756,2025-09-21,ACT,25-34
757,2025-08-01,QLD,25-34
758,2025-08-23,SA,45-54
759,2025-09-20,NSW,25-34
760,2025-08-28,QLD,18-24
761,2025-08-25,WA,18-24
762,2025-06-13,NSW,18-24
763,2025-07-29,SA,55-64
764,2025-06-19,NSW,35-44
765,2025-07-19,QLD,45-54
766,2025-09-08,WA,25-34
767,2025-06-12,QLD,25-34
768,2025-07-31,NSW,25-34
769,2025-09-13,QLD,45-54
770,2025-06-19,VIC,35-44
771,2025-08-15,SA,55-64
772,2025-06-09,VIC,35-44
773,2025-08-10,NSW,35-44
774,2025-06-28,QLD,35-44
775,2025-08-17,VIC,65+
776,2025-09-03,QLD,45-54
777,2025-07-22,QLD,18-24
778,2025-08-22,SA,35-44
779,2025-09-30,QLD,45-54
780,2025-09-19,VIC,45-54
781,2025-06-16,NSW,25-34
782,2025-09-25,NSW,55-64
783,2025-08-08,NSW,65+
784,2025-09-07,NSW,25-34
785,2025-06-12,QLD,55-64
786,2025-06-25,QLD,18-24
787,2025-07-22,VIC,18-24
788,2025-08-24,WA,18-24
789,2025-09-08,NT,18-24
790,2025-07-23,WA,55-64
791,2025-06-23,QLD,18-24
792,2025-06-16,VIC,25-34
793,2025-07-27,VIC,18-24
794,2025-07-09,NSW,25-34
795,2025-09-17,VIC,18-24
796,2025-07-23,TAS,35-44
797,2025-07-12,WA,18-24
798,2025-07-28,NSW,55-64
799,2025-07-09,VIC,45-54
800,2025-06-14,WA,18-24
801,2025-09-03,NSW,55-64
802,2025-09-30,VIC,18-24
803,2025-06-05,SA,25-34
804,2025-07-05,VIC,18-24
805,2025-08-26,NSW,25-34
806,2025-09-01,VIC,35-44
807,2025-09-15,SA,45-54
808,2025-08-14,QLD,25-34
809,2025-06-18,NSW,45-54
810,2025-09-19,VIC,25-34
811,2025-08-15,VIC,45-54
812,2025-06-09,VIC,25-34
813,2025-08-13,WA,18-24
814,2025-07-28,NSW,25-34
815,2025-09-16,SA,25-34
816,2025-06-17,NSW,35-44
817,2025-09-10,VIC,55-64
818,2025-06-07,NSW,18-24
819,2025-07-16,VIC,45-54
820,2025-06-13,VIC,35-44
821,2025-07-10,VIC,55-64
822,2025-07-12,NSW,25-34
823,2025-06-09,QLD,25-34
824,2025-07-20,NSW,55-64
825,2025-06-27,WA,35-44
826,2025-09-30,TAS,25-34
827,2025-08-05,VIC,18-24
828,2025-06-05,VIC,25-34
829,2025-06-29,VIC,35-44
830,2025-07-07,NSW,45-54
831,2025-07-08,VIC,18-24
832,2025-08-22,WA,35-44
833,2025-06-08,QLD,35-44
834,2025-09-20,NSW,35-44
835,2025-09-17,SA,45-54
836,2025-08-04,VIC,45-54
837,2025-08-25,SA,25-34
838,2025-09-24,VIC,55-64
839,2025-06-17,VIC,25-34
840,2025-08-10,NSW,25-34
841,2025-08-28,NSW,25-34
842,2025-07-15,ACT,18-24
843,2025-06-04,NSW,25-34
844,2025-07-06,ACT,18-24
845,2025-08-09,VIC,45-54
846,2025-07-01,NSW,18-24
847,2025-06-19,NSW,45-54
848,2025-07-31,NSW,18-24
849,2025-09-16,TAS,65+
850,2025-07-24,VIC,45-54
851,2025-07-09,VIC,18-24
852,2025-08-30,NSW,45-54
853,2025-08-13,NSW,35-44
854,2025-08-29,VIC,45-54
855,2025-06-19,NSW,35-44
856,2025-07-09,WA,35-44
857,2025-08-06,VIC,45-54
858,2025-07-15,VIC,25-34
859,2025-06-13,VIC,18-24
860,2025-09-22,VIC,55-64
861,2025-08-31,NT,25-34
862,2025-07-28,VIC,35-44
863,2025-06-20,NSW,18-24
864,2025-08-31,QLD,35-44
865,2025-08-11,NSW,65+
866,2025-07-31,NSW,25-34
867,2025-09-13,ACT,25-34
868,2025-07-09,WA,45-54
869,2025-06-01,NT,45-54
870,2025-06-03,VIC,25-34
871,2025-08-16,VIC,25-34
872,2025-08-31,NSW,55-64
873,2025-08-01,NSW,35-44
874,2025-09-29,WA,18-24
875,2025-08-02,VIC,18-24
876,2025-09-21,WA,35-44
877,2025-06-25,QLD,25-34
878,2025-07-26,NSW,25-34
879,2025-07-03,VIC,55-64
880,2025-07-08,QLD,18-24
881,2025-09-25,NSW,45-54
882,2025-06-06,WA,25-34
883,2025-07-28,VIC,45-54
884,2025-07-14,NSW,45-54
885,2025-07-15,VIC,18-24
886,2025-07-02,NT,35-44
887,2025-07-15,NSW,18-24
888,2025-07-31,WA,55-64
889,2025-07-17,NSW,55-64
890,2025-06-21,WA,25-34
891,2025-08-19,QLD,25-34
892,2025-09-26,NSW,25-34
893,2025-08-24,NSW,45-54
894,2025-08-14,WA,25-34
895,2025-09-09,VIC,25-34
896,2025-07-06,QLD,25-34
897,2025-09-07,NSW,18-24
898,2025-06-19,SA,45-54
899,2025-06-20,QLD,18-24
900,2025-07-27,SA,35-44
901,2025-06-18,NSW,25-34
902,2025-07-17,QLD,25-34
903,2025-09-13,QLD,35-44
904,2025-07-19,VIC,65+
905,2025-06-14,VIC,45-54
906,2025-06-15,NSW,25-34
907,2025-07-01,QLD,25-34
908,2025-06-01,VIC,55-64
909,2025-09-25,NSW,25-34
910,2025-07-24,QLD,18-24
911,2025-09-26,VIC,55-64
912,2025-06-03,NSW,45-54
913,2025-06-16,ACT,65+
914,2025-08-26,TAS,55-64
915,2025-07-27,VIC,55-64
916,2025-08-14,NSW,18-24
917,2025-06-12,WA,18-24
918,2025-08-13,VIC,35-44
919,2025-09-04,NSW,35-44
920,2025-06-16,VIC,25-34
921,2025-08-11,VIC,25-34
922,2025-09-10,VIC,25-34
923,2025-08-15,VIC,35-44
924,2025-06-24,QLD,18-24
925,2025-06-28,TAS,25-34
926,2025-09-25,VIC,35-44
927,2025-06-08,QLD,45-54
928,2025-09-30,SA,25-34
929,2025-08-31,VIC,35-44
930,2025-07-06,VIC,45-54
931,2025-08-29,QLD,25-34
932,2025-06-08,QLD,18-24
933,2025-07-28,WA,25-34
934,2025-07-30,VIC,25-34
935,2025-07-20,NT,55-64
936,2025-06-28,NSW,18-24
937,2025-08-31,NSW,35-44
938,2025-09-09,QLD,18-24
939,2025-07-11,NSW,25-34
940,2025-09-08,NSW,35-44
941,2025-08-03,NSW,25-34
942,2025-06-27,NSW,25-34
943,2025-09-26,NSW,25-34
944,2025-08-02,ACT,25-34
945,2025-06-17,NSW,35-44
946,2025-08-12,QLD,25-34
947,2025-07-03,WA,55-64
948,2025-09-25,TAS,35-44
949,2025-08-23,NSW,25-34
950,2025-08-16,SA,18-24
951,2025-08-31,VIC,35-44
952,2025-09-20,QLD,45-54
953,2025-06-29,QLD,25-34
954,2025-06-13,WA,45-54
955,2025-07-16,VIC,25-34
956,2025-07-05,QLD,45-54
957,2025-06-06,VIC,18-24
958,2025-08-21,WA,55-64
959,2025-09-23,NT,35-44
960,2025-08-08,NSW,25-34
961,2025-07-17,NT,25-34
962,2025-06-25,NSW,25-34
963,2025-08-05,NSW,65+
964,2025-06-10,NSW,25-34
965,2025-07-26,VIC,18-24
966,2025-06-30,QLD,35-44
967,2025-09-22,NSW,35-44
968,2025-09-17,NSW,35-44
969,2025-06-05,TAS,35-44
970,2025-09-27,WA,25-34
971,2025-09-28,WA,55-64
972,2025-07-03,SA,25-34
973,2025-09-26,QLD,18-24
974,2025-08-04,NSW,45-54
975,2025-06-18,VIC,35-44
976,2025-09-04,QLD,25-34
977,2025-09-19,NSW,35-44
978,2025-07-19,QLD,25-34
979,2025-06-11,NSW,25-34
980,2025-08-24,NSW,55-64
981,2025-06-26,VIC,18-24
982,2025-08-02,QLD,25-34
983,2025-08-28,VIC,45-54
984,2025-08-25,QLD,65+
985,2025-07-29,NSW,25-34
986,2025-06-27,NSW,35-44
987,2025-07-19,SA,35-44
988,2025-08-16,QLD,55-64
989,2025-07-03,NSW,55-64
990,2025-09-06,SA,25-34
991,2025-09-13,NSW,25-34
992,2025-09-07,VIC,35-44
993,2025-06-01,NSW,45-54
994,2025-06-21,QLD,35-44
995,2025-09-20,QLD,35-44
996,2025-07-25,NSW,65+
997,2025-06-06,SA,18-24
998,2025-08-31,VIC,25-34
999,2025-08-20,NSW,25-34
1000,2025-08-08,NSW,25-34
1001,2025-09-03,NSW,18-24
1002,2025-06-05,NSW,18-24
1003,2025-09-10,VIC,45-54
1004,2025-06-03,SA,55-64
1005,2025-07-23,VIC,35-44
1006,2025-06-23,NSW,35-44
1007,2025-09-09,NSW,25-34
1008,2025-07-23,NSW,45-54
1009,2025-07-07,VIC,45-54
1010,2025-08-13,WA,35-44
1011,2025-08-13,NSW,25-34
1012,2025-08-22,QLD,18-24
1013,2025-06-17,SA,18-24
1014,2025-08-24,VIC,35-44
1015,2025-08-17,WA,45-54
1016,2025-08-12,VIC,55-64
1017,2025-09-18,QLD,35-44
1018,2025-06-01,VIC,45-54
1019,2025-07-21,VIC,65+
1020,2025-07-15,NSW,25-34
1021,2025-08-16,NSW,25-34
1022,2025-06-04,NSW,55-64
1023,2025-08-01,VIC,25-34
1024,2025-08-04,NSW,55-64
1025,2025-09-21,TAS,65+
1026,2025-09-12,QLD,35-44
1027,2025-07-02,VIC,45-54
1028,2025-07-04,NSW,45-54
1029,2025-08-31,SA,45-54
1030,2025-09-03,WA,25-34
1031,2025-08-11,QLD,18-24
1032,2025-07-09,NSW,25-34
1033,2025-06-26,VIC,35-44
1034,2025-09-30,NSW,18-24
1035,2025-07-04,NSW,18-24
1036,2025-07-24,WA,18-24
1037,2025-09-26,QLD,45-54
1038,2025-06-03,QLD,65+
1039,2025-07-20,SA,65+
1040,2025-06-12,VIC,35-44
1041,2025-08-04,VIC,55-64
1042,2025-07-24,VIC,45-54
1043,2025-09-16,TAS,35-44
1044,2025-06-05,NSW,35-44
1045,2025-09-02,TAS,18-24
1046,2025-09-02,WA,55-64
1047,2025-07-27,NSW,25-34
1048,2025-06-17,VIC,25-34
1049,2025-09-20,SA,35-44
1050,2025-07-17,VIC,25-34
1051,2025-06-23,SA,25-34
1052,2025-08-18,TAS,35-44
1053,2025-09-09,VIC,18-24
1054,2025-08-24,VIC,45-54
1055,2025-06-14,TAS,35-44
1056,2025-08-05,QLD,35-44
1057,2025-08-14,NSW,35-44
1058,2025-07-21,NSW,35-44
1059,2025-09-11,VIC,35-44
1060,2025-07-08,TAS,45-54
1061,2025-08-03,SA,45-54
1062,2025-09-06,QLD,45-54
1063,2025-07-08,NSW,55-64
1064,2025-07-20,NSW,25-34
1065,2025-09-06,SA,25-34
1066,2025-08-21,NSW,65+
1067,2025-06-30,NSW,25-34
1068,2025-08-18,NSW,18-24
1069,2025-08-30,QLD,35-44
1070,2025-07-21,TAS,18-24
1071,2025-08-02,NSW,25-34
1072,2025-09-06,VIC,65+
1073,2025-07-22,QLD,35-44
1074,2025-09-29,NT,25-34
1075,2025-07-08,NSW,65+
1076,2025-09-05,VIC,65+
1077,2025-08-27,VIC,25-34
1078,2025-08-18,SA,25-34
1079,2025-06-30,VIC,45-54
1080,2025-09-27,NSW,45-54
1081,2025-09-14,QLD,45-54
1082,2025-07-21,WA,55-64
1083,2025-08-20,NSW,45-54
1084,2025-06-05,SA,25-34
1085,2025-06-29,NSW,45-54
1086,2025-06-04,VIC,25-34
1087,2025-06-10,VIC,45-54
1088,2025-07-26,QLD,35-44
1089,2025-06-17,VIC,18-24
1090,2025-08-13,SA,35-44
1091,2025-06-17,QLD,25-34
1092,2025-08-23,QLD,25-34
1093,2025-08-27,WA,35-44
1094,2025-08-08,WA,25-34
1095,2025-07-04,NSW,45-54
1096,2025-06-06,VIC,18-24
1097,2025-07-23,TAS,35-44
1098,2025-08-05,NSW,45-54
1099,2025-08-16,QLD,35-44
1100,2025-09-15,ACT,35-44
1101,2025-07-13,NSW,65+
1102,2025-09-20,QLD,25-34
1103,2025-08-14,VIC,18-24
1104,2025-09-23,VIC,25-34
1105,2025-09-19,NSW,18-24
1106,2025-09-29,NSW,65+
1107,2025-06-23,QLD,25-34
1108,2025-07-25,WA,45-54
1109,2025-08-19,WA,45-54
1110,2025-09-03,VIC,25-34
1111,2025-08-14,NSW,35-44
1112,2025-09-26,QLD,18-24
1113,2025-06-16,NSW,35-44
1114,2025-06-08,TAS,18-24
1115,2025-06-04,WA,55-64
1116,2025-09-12,QLD,65+
1117,2025-06-04,TAS,25-34
1118,2025-07-26,NSW,25-34
1119,2025-06-25,QLD,45-54
1120,2025-08-06,VIC,25-34
1121,2025-09-04,SA,55-64
1122,2025-08-06,NSW,35-44
1123,2025-06-27,QLD,25-34
1124,2025-09-01,SA,45-54
1125,2025-07-02,NSW,35-44
1126,2025-07-20,VIC,55-64
1127,2025-07-31,WA,55-64
1128,2025-09-30,VIC,25-34
1129,2025-07-21,NSW,18-24
1130,2025-06-19,NSW,65+
1131,2025-06-21,NSW,55-64
1132,2025-06-05,SA,18-24
1133,2025-08-21,VIC,45-54
1134,2025-08-31,NSW,25-34
1135,2025-07-12,VIC,25-34
1136,2025-07-31,VIC,55-64
1137,2025-06-22,NSW,25-34
1138,2025-06-21,VIC,65+
1139,2025-08-09,VIC,25-34
1140,2025-06-01,VIC,35-44
1141,2025-06-05,QLD,25-34
1142,2025-09-13,NSW,35-44
1143,2025-06-12,QLD,45-54
1144,2025-08-29,VIC,25-34
1145,2025-07-16,VIC,35-44
1146,2025-07-04,QLD,35-44
1147,2025-07-19,VIC,18-24
1148,2025-08-17,SA,45-54
1149,2025-08-29,QLD,25-34
1150,2025-07-15,VIC,35-44
1151,2025-06-27,WA,35-44
1152,2025-08-12,QLD,35-44
1153,2025-06-26,NSW,18-24
1154,2025-09-29,NSW,25-34
1155,2025-07-17,NSW,25-34
1156,2025-09-29,SA,45-54
1157,2025-08-25,QLD,55-64
1158,2025-09-19,TAS,35-44
1159,2025-07-26,QLD,18-24
1160,2025-09-02,VIC,25-34
1161,2025-09-15,NSW,25-34
1162,2025-08-02,QLD,18-24
1163,2025-07-18,VIC,25-34
1164,2025-07-31,NT,25-34
1165,2025-08-20,NSW,25-34
1166,2025-06-26,VIC,18-24
1167,2025-07-06,QLD,18-24
1168,2025-06-01,QLD,18-24
1169,2025-06-08,VIC,25-34
1170,2025-09-21,WA,25-34
1171,2025-09-07,NSW,35-44
1172,2025-07-22,QLD,18-24
1173,2025-08-18,QLD,25-34
1174,2025-07-17,SA,25-34
1175,2025-07-26,SA,25-34
1176,2025-08-25,NSW,18-24
1177,2025-06-14,NSW,35-44
1178,2025-08-29,NT,45-54
1179,2025-06-28,VIC,25-34
1180,2025-08-26,SA,18-24
1181,2025-08-17,NSW,55-64
1182,2025-08-27,QLD,25-34
1183,2025-06-02,WA,25-34
1184,2025-09-17,TAS,55-64
1185,2025-06-26,VIC,45-54
1186,2025-06-14,QLD,25-34
1187,2025-07-29,VIC,35-44
1188,2025-07-26,NSW,25-34
1189,2025-09-23,QLD,18-24
1190,2025-06-07,QLD,35-44
1191,2025-06-03,TAS,18-24
1192,2025-09-19,VIC,25-34
1193,2025-06-23,NSW,65+
1194,2025-09-18,NSW,65+
1195,2025-09-15,VIC,25-34
1196,2025-09-19,NSW,35-44
1197,2025-09-17,WA,35-44
1198,2025-06-18,VIC,55-64
1199,2025-09-30,TAS,25-34
1200,2025-07-08,ACT,18-24
1201,2025-09-07,QLD,25-34
1202,2025-09-23,TAS,25-34
1203,2025-06-15,WA,25-34
1204,2025-08-03,VIC,45-54
1205,2025-08-28,NSW,45-54
1206,2025-09-27,VIC,25-34
1207,2025-09-09,VIC,25-34
1208,2025-06-28,SA,18-24
1209,2025-08-13,VIC,55-64
1210,2025-07-09,SA,55-64
1211,2025-07-27,QLD,65+
1212,2025-06-17,NSW,55-64
1213,2025-09-11,NT,25-34
1214,2025-08-25,VIC,18-24
1215,2025-08-29,VIC,35-44
1216,2025-07-14,QLD,55-64
1217,2025-06-25,NSW,25-34
1218,2025-06-17,QLD,18-24
1219,2025-06-13,VIC,45-54
1220,2025-08-23,VIC,18-24
1221,2025-06-25,ACT,25-34
1222,2025-08-07,VIC,35-44
1223,2025-06-10,NSW,25-34
1224,2025-08-06,VIC,18-24
1225,2025-09-13,TAS,45-54
1226,2025-09-17,NSW,35-44
1227,2025-06-18,NSW,65+
1228,2025-09-19,NSW,25-34
1229,2025-09-08,NSW,18-24
1230,2025-09-19,WA,45-54
1231,2025-08-25,QLD,35-44
1232,2025-07-04,VIC,25-34
1233,2025-09-19,QLD,45-54
1234,2025-06-08,VIC,25-34
1235,2025-07-10,ACT,25-34
1236,2025-09-21,ACT,18-24
1237,2025-09-16,VIC,25-34
1238,2025-08-22,SA,25-34
1239,2025-07-12,WA,35-44
1240,2025-07-11,NSW,45-54
1241,2025-09-09,NSW,55-64
1242,2025-06-06,VIC,18-24
1243,2025-07-22,WA,18-24
1244,2025-06-26,ACT,18-24
1245,2025-08-03,WA,18-24
1246,2025-09-06,SA,35-44
1247,2025-07-29,QLD,45-54
1248,2025-07-26,WA,45-54
1249,2025-07-29,WA,25-34
1250,2025-09-17,VIC,25-34
1251,2025-08-09,VIC,35-44
1252,2025-09-09,WA,18-24
1253,2025-09-29,NSW,35-44
1254,2025-07-03,WA,65+
1255,2025-07-23,NSW,25-34
1256,2025-06-22,VIC,45-54
1257,2025-06-21,WA,35-44
1258,2025-08-09,NSW,18-24
1259,2025-08-09,NSW,35-44
1260,2025-09-27,VIC,25-34
1261,2025-09-20,SA,18-24
1262,2025-06-04,NSW,35-44
1263,2025-09-02,SA,55-64
1264,2025-08-14,NSW,25-34
1265,2025-08-01,NT,25-34
1266,2025-08-01,ACT,55-64
1267,2025-09-02,VIC,45-54
1268,2025-09-03,VIC,45-54
1269,2025-06-24,VIC,25-34
1270,2025-07-25,QLD,55-64
1271,2025-06-09,NSW,18-24
1272,2025-09-27,NSW,35-44
1273,2025-06-03,NSW,18-24
1274,2025-09-23,VIC,35-44
1275,2025-07-01,NSW,25-34
1276,2025-07-10,QLD,25-34
1277,2025-09-09,NT,25-34
1278,2025-07-06,VIC,25-34
1279,2025-06-24,VIC,35-44
1280,2025-09-03,VIC,55-64
1281,2025-06-06,SA,65+
1282,2025-08-05,SA,25-34
1283,2025-08-23,SA,45-54
1284,2025-08-31,ACT,35-44
1285,2025-08-14,NSW,25-34
1286,2025-06-04,WA,18-24
1287,2025-08-18,WA,45-54
1288,2025-06-06,NSW,65+
1289,2025-09-26,ACT,35-44
1290,2025-09-21,NSW,25-34
1291,2025-09-02,QLD,35-44
1292,2025-09-28,NSW,25-34
1293,2025-09-10,VIC,45-54
1294,2025-07-21,QLD,45-54
1295,2025-08-01,VIC,18-24
1296,2025-07-27,VIC,55-64
1297,2025-08-05,NSW,25-34
1298,2025-08-18,WA,65+
1299,2025-08-14,NSW,25-34
1300,2025-06-08,VIC,25-34
1301,2025-06-26,SA,25-34
1302,2025-07-21,SA,25-34
1303,2025-07-15,VIC,18-24
1304,2025-07-14,WA,35-44
1305,2025-06-05,WA,35-44
1306,2025-08-09,SA,45-54
1307,2025-06-26,VIC,18-24
1308,2025-09-26,NSW,35-44
1309,2025-08-07,NSW,18-24
1310,2025-06-19,NSW,45-54
1311,2025-08-23,QLD,18-24
1312,2025-09-05,NSW,55-64
1313,2025-06-20,QLD,45-54
1314,2025-09-21,VIC,35-44
1315,2025-06-12,NSW,25-34
1316,2025-07-17,SA,18-24
1317,2025-06-01,VIC,25-34
1318,2025-08-29,NSW,55-64
1319,2025-06-14,WA,55-64
1320,2025-08-03,NSW,18-24
1321,2025-07-08,QLD,35-44
1322,2025-07-07,WA,45-54
1323,2025-06-11,VIC,35-44
1324,2025-09-08,WA,18-24
1325,2025-08-16,VIC,25-34
1326,2025-09-15,VIC,25-34
1327,2025-06-03,NSW,45-54
1328,2025-07-03,NSW,35-44
1329,2025-06-06,TAS,35-44
1330,2025-07-20,VIC,55-64
1331,2025-09-28,VIC,35-44
1332,2025-06-10,VIC,55-64
1333,2025-06-05,QLD,25-34
1334,2025-06-23,NSW,18-24
1335,2025-06-10,VIC,55-64
1336,2025-07-14,QLD,25-34
1337,2025-06-02,NSW,25-34
1338,2025-06-13,NSW,25-34
1339,2025-07-10,NSW,18-24
1340,2025-06-02,VIC,35-44
1341,2025-08-23,SA,55-64
1342,2025-08-04,NSW,55-64
1343,2025-08-02,NSW,55-64
1344,2025-09-09,NSW,18-24
1345,2025-08-12,QLD,25-34
1346,2025-06-17,QLD,18-24
1347,2025-06-09,VIC,55-64
1348,2025-08-14,WA,25-34
1349,2025-06-15,QLD,35-44
1350,2025-06-24,SA,45-54
1351,2025-07-08,WA,25-34
1352,2025-09-27,NSW,25-34
1353,2025-07-05,NSW,65+
1354,2025-09-02,NSW,65+
1355,2025-09-03,VIC,25-34
1356,2025-07-19,NT,35-44
1357,2025-08-08,VIC,65+
1358,2025-08-01,NSW,18-24
1359,2025-07-30,WA,25-34
1360,2025-09-16,VIC,18-24
1361,2025-07-20,NSW,35-44
1362,2025-08-17,VIC,18-24
1363,2025-09-25,VIC,25-34
1364,2025-09-28,WA,25-34
1365,2025-08-14,NSW,35-44
1366,2025-06-09,NSW,65+
1367,2025-07-04,VIC,45-54
1368,2025-08-15,NSW,55-64
1369,2025-09-07,QLD,35-44
1370,2025-07-05,VIC,18-24
1371,2025-06-01,VIC,25-34
1372,2025-07-10,TAS,55-64
1373,2025-08-03,QLD,25-34
1374,2025-06-22,NSW,18-24
1375,2025-07-30,VIC,45-54
1376,2025-08-03,WA,25-34
1377,2025-09-01,QLD,25-34
1378,2025-08-11,NSW,65+
1379,2025-06-11,ACT,55-64
1380,2025-09-13,VIC,25-34
1381,2025-09-09,NSW,65+
1382,2025-06-14,NSW,35-44
1383,2025-07-30,NSW,45-54
1384,2025-06-30,WA,18-24
1385,2025-07-05,NSW,18-24
1386,2025-08-24,NSW,35-44
1387,2025-07-07,SA,55-64
1388,2025-06-05,VIC,35-44
1389,2025-08-22,NSW,18-24
1390,2025-08-17,NSW,18-24
1391,2025-06-26,NSW,55-64
1392,2025-08-01,NSW,18-24
1393,2025-06-04,QLD,35-44
1394,2025-08-28,NSW,18-24
1395,2025-09-17,NSW,18-24
1396,2025-07-12,WA,35-44
1397,2025-08-28,QLD,45-54
1398,2025-06-18,VIC,25-34
1399,2025-07-10,VIC,25-34
1400,2025-08-11,NSW,45-54
1401,2025-07-09,VIC,25-34
1402,2025-09-12,VIC,35-44
1403,2025-06-14,VIC,65+
1404,2025-07-02,SA,18-24
1405,2025-07-21,NSW,65+
1406,2025-07-08,WA,25-34
1407,2025-09-05,NSW,35-44
1408,2025-06-23,WA,25-34
1409,2025-08-02,QLD,65+
1410,2025-06-15,SA,25-34
1411,2025-09-05,NSW,25-34
1412,2025-06-25,VIC,65+
1413,2025-06-17,VIC,35-44
1414,2025-09-05,QLD,35-44
1415,2025-09-19,VIC,25-34
1416,2025-09-27,VIC,45-54
1417,2025-08-05,VIC,18-24
1418,2025-08-17,NSW,18-24
1419,2025-07-23,VIC,35-44
1420,2025-09-12,NSW,25-34
1421,2025-09-12,ACT,65+
1422,2025-07-21,QLD,55-64
1423,2025-07-09,ACT,45-54
1424,2025-07-21,NSW,45-54
1425,2025-08-09,SA,35-44
1426,2025-06-06,WA,18-24
1427,2025-08-06,QLD,45-54
1428,2025-06-07,QLD,25-34
1429,2025-07-21,NSW,25-34
1430,2025-08-11,WA,45-54
1431,2025-07-12,VIC,35-44
1432,2025-08-03,NSW,55-64
1433,2025-09-24,NSW,25-34
1434,2025-06-15,TAS,35-44
1435,2025-09-19,SA,18-24
1436,2025-06-29,NT,35-44
1437,2025-07-03,QLD,45-54
1438,2025-09-24,NSW,35-44
1439,2025-09-02,NSW,25-34
1440,2025-09-11,NSW,18-24
1441,2025-06-27,NSW,18-24
1442,2025-07-06,VIC,35-44
1443,2025-06-29,NSW,55-64
1444,2025-07-08,VIC,25-34
1445,2025-07-27,TAS,45-54
1446,2025-09-05,VIC,55-64
1447,2025-09-09,SA,35-44
1448,2025-06-27,QLD,35-44
1449,2025-07-25,NSW,45-54
1450,2025-07-03,VIC,25-34
1451,2025-08-07,NSW,25-34
1452,2025-08-25,VIC,18-24
1453,2025-08-05,QLD,65+
1454,2025-06-10,NSW,55-64
1455,2025-06-05,NSW,45-54
1456,2025-08-13,VIC,18-24
1457,2025-09-05,NT,25-34
1458,2025-09-26,WA,18-24
1459,2025-07-08,QLD,18-24
1460,2025-06-13,NSW,35-44
1461,2025-07-01,WA,65+
1462,2025-07-17,WA,55-64
1463,2025-09-08,QLD,45-54
1464,2025-09-17,NT,18-24
1465,2025-08-27,NSW,25-34
1466,2025-07-22,TAS,25-34
1467,2025-07-26,TAS,45-54
1468,2025-06-15,NSW,45-54
1469,2025-06-29,VIC,25-34
1470,2025-06-08,ACT,25-34
1471,2025-06-05,NSW,18-24
1472,2025-06-29,VIC,25-34
1473,2025-07-17,ACT,25-34
1474,2025-08-07,VIC,18-24
1475,2025-08-15,NSW,25-34
1476,2025-07-15,VIC,55-64
1477,2025-06-02,NSW,35-44
1478,2025-06-27,VIC,18-24
1479,2025-09-03,NSW,25-34
1480,2025-09-23,QLD,35-44
1481,2025-09-23,VIC,25-34
1482,2025-07-06,QLD,25-34
1483,2025-07-06,QLD,35-44
1484,2025-06-26,VIC,35-44
1485,2025-07-13,QLD,45-54
1486,2025-06-27,NSW,25-34
1487,2025-08-08,QLD,45-54
1488,2025-06-20,NSW,25-34
1489,2025-06-11,TAS,18-24
1490,2025-08-13,NSW,35-44
1491,2025-09-12,VIC,35-44
1492,2025-07-08,QLD,55-64
1493,2025-06-06,VIC,45-54
1494,2025-08-11,NSW,55-64
1495,2025-06-23,VIC,55-64
1496,2025-07-17,QLD,35-44
1497,2025-08-29,QLD,35-44
1498,2025-07-16,VIC,35-44
1499,2025-09-15,VIC,65+
1500,2025-06-12,VIC,45-54
1501,2025-08-29,QLD,18-24
1502,2025-06-13,VIC,45-54
1503,2025-09-12,VIC,25-34
1504,2025-08-01,NSW,25-34
1505,2025-08-21,NSW,25-34
1506,2025-08-28,NSW,45-54
1507,2025-09-05,NSW,55-64
1508,2025-09-19,VIC,25-34
1509,2025-09-12,QLD,18-24
1510,2025-07-30,NSW,25-34
1511,2025-07-13,TAS,35-44
1512,2025-08-15,NSW,25-34
1513,2025-09-16,WA,25-34
1514,2025-09-08,QLD,25-34
1515,2025-09-20,VIC,35-44
1516,2025-08-07,NSW,25-34
1517,2025-06-05,QLD,45-54
1518,2025-09-28,VIC,18-24
1519,2025-07-07,TAS,35-44
1520,2025-08-11,VIC,25-34
1521,2025-09-14,TAS,35-44
1522,2025-09-21,NSW,25-34
1523,2025-08-31,QLD,45-54
1524,2025-07-01,QLD,65+
1525,2025-09-30,QLD,55-64
1526,2025-06-09,NSW,35-44
1527,2025-09-26,QLD,35-44
1528,2025-07-21,VIC,45-54
1529,2025-06-29,QLD,45-54
1530,2025-08-17,NSW,25-34
1531,2025-07-10,SA,45-54
1532,2025-07-11,NSW,25-34
1533,2025-08-25,WA,25-34
1534,2025-06-11,SA,25-34
1535,2025-06-23,WA,25-34
1536,2025-06-01,VIC,35-44
1537,2025-07-16,VIC,25-34
1538,2025-09-09,NT,18-24
1539,2025-06-21,NSW,18-24
1540,2025-08-29,VIC,35-44
1541,2025-09-18,QLD,45-54
1542,2025-07-06,QLD,25-34
1543,2025-07-24,NSW,18-24
1544,2025-08-26,QLD,18-24
1545,2025-07-27,WA,55-64
1546,2025-06-01,NSW,35-44
1547,2025-08-02,TAS,25-34
1548,2025-07-24,NSW,18-24
1549,2025-07-25,VIC,45-54
1550,2025-09-23,NSW,35-44
1551,2025-07-10,NSW,25-34
1552,2025-06-15,TAS,18-24
1553,2025-06-21,VIC,25-34
1554,2025-07-17,VIC,45-54
1555,2025-08-12,NSW,55-64
1556,2025-07-23,QLD,35-44
1557,2025-06-09,QLD,45-54
1558,2025-08-13,VIC,18-24
1559,2025-07-22,VIC,35-44
1560,2025-07-27,SA,35-44
1561,2025-09-25,VIC,25-34
1562,2025-06-26,VIC,55-64
1563,2025-07-11,NSW,25-34
1564,2025-07-05,WA,25-34
1565,2025-08-02,VIC,35-44
1566,2025-09-24,VIC,35-44
1567,2025-06-25,NSW,45-54
1568,2025-08-29,NT,18-24
1569,2025-08-14,NSW,55-64
1570,2025-07-08,WA,35-44
1571,2025-06-02,VIC,35-44
1572,2025-06-07,NSW,65+
1573,2025-08-21,WA,45-54
1574,2025-08-30,VIC,18-24
1575,2025-07-04,SA,45-54
1576,2025-08-30,TAS,18-24
1577,2025-06-17,SA,18-24
1578,2025-07-13,NSW,25-34
1579,2025-07-29,WA,65+
1580,2025-09-16,VIC,25-34
1581,2025-07-21,SA,35-44
1582,2025-07-24,QLD,25-34
1583,2025-06-24,WA,45-54
1584,2025-06-25,VIC,35-44
1585,2025-08-10,VIC,35-44
1586,2025-07-22,NSW,25-34
1587,2025-08-09,WA,45-54
1588,2025-09-25,VIC,65+
1589,2025-08-27,VIC,35-44
1590,2025-07-03,WA,35-44
1591,2025-07-19,QLD,55-64
1592,2025-06-29,NSW,18-24
1593,2025-08-02,QLD,45-54
1594,2025-09-15,VIC,55-64
1595,2025-06-22,VIC,18-24
1596,2025-06-26,NSW,25-34
1597,2025-06-28,NSW,25-34
1598,2025-09-22,NSW,35-44
1599,2025-08-24,QLD,35-44
1600,2025-07-19,NSW,25-34
1601,2025-08-10,VIC,25-34
1602,2025-08-20,TAS,25-34
1603,2025-08-23,NSW,25-34
1604,2025-09-13,VIC,18-24
1605,2025-07-19,WA,55-64
1606,2025-06-20,TAS,18-24
1607,2025-09-26,QLD,55-64
1608,2025-08-25,QLD,35-44
1609,2025-08-31,WA,25-34
1610,2025-08-02,VIC,45-54
1611,2025-07-31,WA,35-44
1612,2025-09-12,NSW,35-44
1613,2025-07-19,TAS,18-24
1614,2025-08-10,VIC,25-34
1615,2025-06-01,VIC,25-34
1616,2025-09-04,NSW,18-24
1617,2025-06-13,QLD,25-34
1618,2025-09-02,NSW,18-24
1619,2025-08-26,SA,25-34
1620,2025-07-21,WA,18-24
1621,2025-07-26,NSW,18-24
1622,2025-08-22,WA,25-34
1623,2025-08-01,WA,65+
1624,2025-07-02,QLD,18-24
1625,2025-06-30,VIC,35-44
1626,2025-06-29,NSW,18-24
1627,2025-07-19,NSW,55-64
1628,2025-07-15,NSW,18-24
1629,2025-09-01,SA,65+
1630,2025-06-30,NSW,35-44
1631,2025-06-16,WA,18-24
1632,2025-07-10,VIC,55-64
1633,2025-06-19,VIC,35-44
1634,2025-06-18,WA,25-34
1635,2025-06-01,SA,45-54
1636,2025-08-17,VIC,55-64
1637,2025-09-23,VIC,35-44
1638,2025-07-17,VIC,25-34
1639,2025-09-22,NSW,45-54
1640,2025-08-05,NSW,45-54
1641,2025-09-26,VIC,55-64
1642,2025-08-31,VIC,45-54
1643,2025-09-21,QLD,25-34
1644,2025-09-22,VIC,55-64
1645,2025-09-02,VIC,18-24
1646,2025-07-08,VIC,25-34
1647,2025-07-21,QLD,35-44
1648,2025-08-02,SA,35-44
1649,2025-06-04,VIC,18-24
1650,2025-06-01,WA,45-54
1651,2025-06-08,NSW,25-34
1652,2025-06-29,VIC,25-34
1653,2025-07-25,VIC,45-54
1654,2025-09-11,VIC,25-34
1655,2025-06-03,QLD,18-24
1656,2025-07-02,SA,25-34
1657,2025-06-10,NSW,65+
1658,2025-08-13,QLD,18-24
1659,2025-08-22,VIC,25-34
1660,2025-09-18,NSW,35-44
1661,2025-07-04,NSW,35-44
1662,2025-09-05,NSW,18-24
1663,2025-08-26,NSW,35-44
1664,2025-07-25,NSW,25-34
1665,2025-08-31,NSW,65+
1666,2025-07-02,VIC,18-24
1667,2025-07-20,QLD,25-34
1668,2025-06-07,VIC,25-34
1669,2025-09-01,NT,25-34
1670,2025-06-08,VIC,35-44
1671,2025-08-04,WA,25-34
1672,2025-07-27,SA,25-34
1673,2025-09-27,QLD,45-54
1674,2025-08-06,VIC,35-44
1675,2025-08-27,WA,25-34
1676,2025-08-26,NSW,25-34
1677,2025-07-29,NSW,25-34
1678,2025-08-11,VIC,18-24
1679,2025-07-24,VIC,18-24
1680,2025-09-29,NSW,35-44
1681,2025-09-19,TAS,55-64
1682,2025-09-09,QLD,25-34
1683,2025-08-06,VIC,25-34
1684,2025-07-21,TAS,18-24
1685,2025-09-05,VIC,25-34
1686,2025-08-31,NT,18-24
1687,2025-09-19,VIC,55-64
1688,2025-06-08,NSW,35-44
1689,2025-07-04,WA,65+
1690,2025-07-05,QLD,55-64
1691,2025-09-04,WA,35-44
1692,2025-08-27,ACT,35-44
1693,2025-08-17,WA,25-34
1694,2025-07-02,QLD,35-44
1695,2025-09-28,SA,55-64
1696,2025-07-16,QLD,18-24
1697,2025-09-15,VIC,55-64
1698,2025-06-16,SA,25-34
1699,2025-08-07,NSW,55-64
1700,2025-09-24,QLD,65+
1701,2025-07-07,SA,35-44
1702,2025-07-24,QLD,35-44
1703,2025-08-24,QLD,25-34
1704,2025-06-14,WA,45-54
1705,2025-09-03,VIC,65+
1706,2025-07-25,SA,45-54
1707,2025-07-18,NSW,35-44
1708,2025-08-21,NSW,35-44
1709,2025-06-07,NSW,55-64
1710,2025-08-13,VIC,35-44
1711,2025-06-07,VIC,45-54
1712,2025-07-03,WA,35-44
1713,2025-06-23,VIC,18-24
1714,2025-08-24,VIC,25-34
1715,2025-06-19,NSW,25-34
1716,2025-09-20,VIC,18-24
1717,2025-06-19,QLD,18-24
1718,2025-07-06,NSW,35-44
1719,2025-06-29,NSW,18-24
1720,2025-07-30,NSW,25-34
1721,2025-08-21,NSW,45-54
1722,2025-06-02,VIC,65+
1723,2025-06-01,NSW,45-54
1724,2025-07-17,QLD,65+
1725,2025-08-08,SA,45-54
1726,2025-06-20,VIC,25-34
1727,2025-06-11,NT,35-44
1728,2025-09-14,VIC,45-54
1729,2025-06-02,VIC,25-34
1730,2025-08-06,NT,18-24
1731,2025-08-26,NSW,45-54
1732,2025-09-27,TAS,18-24
1733,2025-06-12,NSW,35-44
1734,2025-06-20,VIC,25-34
1735,2025-06-05,NSW,35-44
1736,2025-07-07,QLD,35-44
1737,2025-07-08,QLD,18-24
1738,2025-09-02,QLD,25-34
1739,2025-06-09,VIC,35-44
1740,2025-09-06,VIC,55-64
1741,2025-07-23,NSW,55-64
1742,2025-07-14,VIC,35-44
1743,2025-09-07,TAS,45-54
1744,2025-09-24,VIC,25-34
1745,2025-09-30,WA,25-34
1746,2025-08-25,SA,25-34
1747,2025-09-16,VIC,35-44
1748,2025-06-24,QLD,25-34
1749,2025-08-20,NSW,18-24
1750,2025-08-13,NSW,45-54
1751,2025-06-30,NSW,45-54
1752,2025-09-28,VIC,25-34
1753,2025-07-29,VIC,18-24
1754,2025-09-18,VIC,25-34
1755,2025-08-26,VIC,25-34
1756,2025-09-04,VIC,35-44
1757,2025-08-20,QLD,25-34
1758,2025-09-22,WA,45-54
1759,2025-09-23,NSW,55-64
1760,2025-08-20,NSW,25-34
1761,2025-06-14,QLD,65+
1762,2025-06-09,VIC,25-34
1763,2025-07-10,QLD,25-34
1764,2025-08-05,VIC,25-34
1765,2025-09-17,VIC,18-24
1766,2025-06-25,NSW,18-24
1767,2025-09-11,NSW,25-34
1768,2025-08-12,QLD,45-54
1769,2025-09-26,VIC,55-64
1770,2025-06-22,WA,35-44
1771,2025-09-15,SA,18-24
1772,2025-09-18,VIC,35-44
1773,2025-06-04,WA,35-44
1774,2025-06-26,NSW,45-54
1775,2025-07-28,VIC,45-54
1776,2025-06-29,QLD,55-64
1777,2025-09-17,VIC,25-34
1778,2025-09-06,VIC,45-54
1779,2025-08-26,NSW,25-34
1780,2025-07-07,QLD,65+
1781,2025-08-14,SA,25-34
1782,2025-08-09,SA,18-24
1783,2025-06-18,QLD,18-24
1784,2025-08-24,QLD,45-54
1785,2025-07-12,VIC,25-34
1786,2025-09-08,VIC,25-34
1787,2025-07-11,NSW,65+
1788,2025-07-08,VIC,55-64
1789,2025-07-04,VIC,25-34
1790,2025-06-17,ACT,25-34
1791,2025-07-07,VIC,55-64
1792,2025-06-25,VIC,55-64
1793,2025-09-10,VIC,35-44
1794,2025-09-30,QLD,35-44
1795,2025-08-15,QLD,25-34
1796,2025-08-26,NSW,45-54
1797,2025-09-25,VIC,35-44
1798,2025-09-14,WA,35-44
1799,2025-08-25,VIC,18-24
1800,2025-08-24,NSW,55-64
1801,2025-06-27,QLD,35-44
1802,2025-07-27,WA,25-34
1803,2025-07-01,NSW,35-44
1804,2025-06-06,WA,35-44
1805,2025-08-30,WA,35-44
1806,2025-07-10,VIC,45-54
1807,2025-09-06,NT,35-44
1808,2025-06-12,WA,65+
1809,2025-09-17,WA,18-24
1810,2025-09-29,QLD,18-24
1811,2025-07-23,NSW,25-34
1812,2025-08-10,NSW,45-54
1813,2025-06-10,VIC,35-44
1814,2025-07-15,NSW,55-64
1815,2025-06-17,VIC,45-54
1816,2025-06-26,SA,35-44
1817,2025-08-24,WA,65+
1818,2025-08-31,QLD,25-34
1819,2025-08-01,SA,45-54
1820,2025-09-30,WA,25-34
1821,2025-07-16,VIC,35-44
1822,2025-08-03,NSW,45-54
1823,2025-06-02,VIC,35-44
1824,2025-07-24,QLD,18-24
1825,2025-09-15,VIC,25-34
1826,2025-08-04,QLD,35-44
1827,2025-07-21,NSW,55-64
1828,2025-07-23,QLD,25-34
1829,2025-07-06,WA,55-64
1830,2025-09-23,QLD,25-34
1831,2025-06-26,ACT,35-44
1832,2025-06-29,WA,45-54
1833,2025-06-21,SA,35-44
1834,2025-06-11,TAS,65+
1835,2025-07-10,WA,35-44
1836,2025-06-11,QLD,35-44
1837,2025-07-06,NSW,18-24
1838,2025-09-21,VIC,25-34
1839,2025-07-29,VIC,25-34
1840,2025-07-09,NSW,45-54
1841,2025-09-12,NSW,25-34
1842,2025-09-07,ACT,25-34
1843,2025-07-24,SA,25-34
1844,2025-09-06,SA,18-24
1845,2025-07-25,VIC,25-34
1846,2025-09-19,NSW,55-64
1847,2025-06-24,NSW,45-54
1848,2025-09-26,NSW,45-54
1849,2025-06-22,NSW,45-54
1850,2025-08-08,NSW,25-34
1851,2025-07-26,TAS,55-64
1852,2025-07-03,QLD,18-24
1853,2025-09-30,NSW,25-34
1854,2025-07-06,NSW,35-44
1855,2025-09-19,VIC,18-24
1856,2025-06-20,NSW,45-54
1857,2025-08-22,TAS,25-34
1858,2025-09-07,VIC,45-54
1859,2025-09-24,VIC,35-44
1860,2025-09-15,VIC,25-34
1861,2025-08-20,NSW,45-54
1862,2025-08-01,QLD,25-34
1863,2025-09-17,QLD,35-44
1864,2025-09-15,QLD,18-24
1865,2025-09-06,NSW,35-44
1866,2025-08-12,VIC,35-44
1867,2025-06-26,VIC,25-34
1868,2025-08-05,SA,65+
1869,2025-09-25,VIC,55-64
1870,2025-08-12,VIC,45-54
1871,2025-08-12,QLD,45-54
1872,2025-07-10,QLD,25-34
1873,2025-06-17,VIC,35-44
1874,2025-06-01,VIC,25-34
1875,2025-08-28,VIC,18-24
1876,2025-07-31,SA,65+
1877,2025-07-13,VIC,35-44
1878,2025-09-12,TAS,25-34
1879,2025-07-12,VIC,25-34
1880,2025-06-25,TAS,35-44
1881,2025-07-09,WA,18-24
1882,2025-07-05,VIC,18-24
1883,2025-06-03,SA,18-24
1884,2025-09-22,NSW,35-44
1885,2025-09-09,TAS,35-44
1886,2025-09-16,QLD,18-24
1887,2025-07-14,NSW,45-54
1888,2025-07-21,QLD,25-34
1889,2025-09-02,ACT,45-54
1890,2025-09-10,NSW,65+
1891,2025-09-06,VIC,45-54
1892,2025-06-12,QLD,55-64
1893,2025-06-19,WA,65+
1894,2025-09-09,VIC,35-44
1895,2025-07-14,NSW,45-54
1896,2025-07-29,NSW,55-64
1897,2025-07-19,VIC,25-34
1898,2025-07-31,VIC,25-34
1899,2025-06-17,TAS,65+
1900,2025-08-13,NSW,45-54
1901,2025-07-27,QLD,25-34
1902,2025-07-25,NSW,25-34
1903,2025-09-21,NSW,45-54
1904,2025-07-17,VIC,35-44
1905,2025-06-12,VIC,35-44
1906,2025-08-01,QLD,45-54
1907,2025-08-19,TAS,35-44
1908,2025-08-27,QLD,35-44
1909,2025-08-22,ACT,45-54
1910,2025-06-08,SA,45-54
1911,2025-09-03,VIC,35-44
1912,2025-06-21,WA,25-34
1913,2025-08-20,QLD,25-34
1914,2025-08-26,NSW,65+
1915,2025-09-09,QLD,18-24
1916,2025-09-26,NSW,25-34
1917,2025-08-19,QLD,35-44
1918,2025-08-09,QLD,45-54
1919,2025-08-11,NSW,25-34
1920,2025-06-25,NSW,25-34
1921,2025-08-21,TAS,18-24
1922,2025-08-28,QLD,45-54
1923,2025-06-12,NSW,25-34
1924,2025-06-15,QLD,25-34
1925,2025-07-29,QLD,25-34
1926,2025-06-26,VIC,55-64
1927,2025-09-13,ACT,25-34
1928,2025-09-17,QLD,18-24
1929,2025-06-26,VIC,35-44
1930,2025-07-17,WA,65+
1931,2025-07-02,SA,35-44
1932,2025-06-10,NSW,65+
1933,2025-06-16,NSW,55-64
1934,2025-08-10,NSW,18-24
1935,2025-06-17,QLD,35-44
1936,2025-06-23,QLD,25-34
1937,2025-06-26,QLD,35-44
1938,2025-08-24,TAS,25-34
1939,2025-08-25,WA,25-34
1940,2025-09-30,NSW,55-64
1941,2025-06-07,VIC,25-34
1942,2025-06-14,VIC,55-64
1943,2025-08-18,VIC,18-24
1944,2025-09-25,QLD,18-24
1945,2025-06-07,SA,55-64
1946,2025-06-09,NSW,35-44
1947,2025-09-23,VIC,45-54
1948,2025-07-18,WA,25-34
1949,2025-08-11,VIC,35-44
1950,2025-09-22,NSW,45-54
1951,2025-07-29,VIC,35-44
1952,2025-08-26,NSW,35-44
1953,2025-09-01,TAS,65+
1954,2025-08-21,NSW,35-44
1955,2025-09-03,VIC,55-64
1956,2025-09-02,VIC,45-54
1957,2025-09-24,NT,45-54
1958,2025-07-09,NSW,18-24
1959,2025-09-07,NSW,25-34
1960,2025-06-18,NSW,55-64
1961,2025-07-29,NSW,25-34
1962,2025-09-14,NSW,18-24
1963,2025-09-11,QLD,25-34
1964,2025-06-17,NSW,25-34
1965,2025-06-14,NSW,55-64
1966,2025-07-01,WA,55-64
1967,2025-06-24,VIC,35-44
1968,2025-09-07,VIC,18-24
1969,2025-09-16,NSW,45-54
1970,2025-07-30,ACT,35-44
1971,2025-07-15,NSW,65+
1972,2025-09-06,SA,35-44
1973,2025-06-03,WA,25-34
1974,2025-07-07,NSW,35-44
1975,2025-07-13,NT,65+
1976,2025-07-10,NSW,45-54
1977,2025-08-29,NSW,35-44
1978,2025-07-25,WA,25-34
1979,2025-08-26,QLD,45-54
1980,2025-09-16,QLD,45-54
1981,2025-07-09,NSW,25-34
1982,2025-06-15,VIC,35-44
1983,2025-09-28,WA,25-34
1984,2025-09-21,NSW,25-34
1985,2025-06-04,NSW,18-24
1986,2025-09-01,NSW,25-34
1987,2025-08-25,NSW,35-44
1988,2025-06-25,SA,18-24
1989,2025-06-13,VIC,25-34
1990,2025-08-21,NT,55-64
1991,2025-07-03,VIC,35-44
1992,2025-06-16,QLD,35-44
1993,2025-09-17,NSW,25-34
1994,2025-07-12,VIC,35-44
1995,2025-09-16,NSW,25-34
1996,2025-08-05,VIC,45-54
1997,2025-07-25,VIC,18-24
1998,2025-09-07,NT,35-44
1999,2025-07-12,QLD,25-34
2000,2025-07-04,NSW,45-54
2001,2025-06-30,NSW,35-44
2002,2025-09-27,NSW,25-34
2003,2025-06-13,VIC,25-34
2004,2025-06-13,WA,35-44
2005,2025-06-18,TAS,65+
2006,2025-07-02,NSW,45-54
2007,2025-09-04,VIC,18-24
2008,2025-09-07,VIC,25-34
2009,2025-07-09,QLD,55-64
2010,2025-07-16,VIC,35-44
2011,2025-09-24,QLD,35-44
2012,2025-06-29,QLD,55-64
2013,2025-08-01,NSW,55-64
2014,2025-09-21,WA,35-44
2015,2025-09-01,NSW,25-34
2016,2025-08-01,QLD,25-34
2017,2025-09-25,VIC,45-54
2018,2025-09-16,VIC,25-34
2019,2025-07-27,SA,25-34
2020,2025-06-16,SA,25-34
2021,2025-07-26,WA,25-34
2022,2025-09-16,VIC,45-54
2023,2025-09-19,QLD,35-44
2024,2025-09-29,VIC,35-44
2025,2025-06-10,SA,25-34
2026,2025-06-30,VIC,55-64
2027,2025-06-25,ACT,18-24
2028,2025-09-11,TAS,45-54
2029,2025-08-23,QLD,55-64
2030,2025-06-05,NSW,25-34
2031,2025-08-04,NSW,35-44
2032,2025-09-02,SA,65+
2033,2025-07-19,NSW,25-34
2034,2025-06-03,SA,35-44
2035,2025-07-15,VIC,35-44
2036,2025-06-14,VIC,25-34
2037,2025-09-28,SA,45-54
2038,2025-06-30,QLD,55-64
2039,2025-09-22,VIC,45-54
2040,2025-08-07,VIC,25-34
2041,2025-06-18,VIC,18-24
2042,2025-08-01,WA,35-44
2043,2025-07-07,NSW,18-24
2044,2025-06-25,TAS,35-44
2045,2025-07-18,SA,35-44
2046,2025-08-04,VIC,35-44
2047,2025-07-23,QLD,35-44
2048,2025-09-18,VIC,25-34
2049,2025-08-18,VIC,25-34
2050,2025-08-12,NT,25-34
2051,2025-06-15,NSW,35-44
2052,2025-07-19,NSW,35-44
2053,2025-09-29,VIC,45-54
2054,2025-08-27,VIC,45-54
2055,2025-08-07,VIC,65+
2056,2025-06-12,WA,25-34
2057,2025-07-29,QLD,18-24
2058,2025-09-30,QLD,25-34
2059,2025-07-07,NSW,45-54
2060,2025-07-31,VIC,25-34
2061,2025-09-09,NSW,45-54
2062,2025-07-13,NSW,35-44
2063,2025-08-09,VIC,55-64
2064,2025-07-09,NSW,65+
2065,2025-07-26,NSW,18-24
2066,2025-08-02,NSW,25-34
2067,2025-07-16,TAS,35-44
2068,2025-08-27,TAS,25-34
2069,2025-06-11,QLD,25-34
2070,2025-08-01,TAS,35-44
2071,2025-08-16,WA,25-34
2072,2025-09-06,VIC,35-44
2073,2025-06-25,NSW,45-54
2074,2025-08-10,WA,18-24
2075,2025-07-22,QLD,35-44
2076,2025-06-04,QLD,25-34
2077,2025-07-29,WA,45-54
2078,2025-08-11,VIC,25-34
2079,2025-06-20,QLD,55-64
2080,2025-09-01,TAS,25-34
2081,2025-08-02,VIC,25-34
2082,2025-07-24,QLD,25-34
2083,2025-09-25,VIC,25-34
2084,2025-09-23,QLD,25-34
2085,2025-09-17,WA,35-44
2086,2025-09-18,NSW,35-44
2087,2025-08-13,QLD,18-24
2088,2025-09-15,NSW,18-24
2089,2025-09-06,QLD,45-54
2090,2025-07-27,VIC,35-44
2091,2025-08-29,WA,25-34
2092,2025-07-11,NSW,45-54
2093,2025-09-21,QLD,25-34
2094,2025-09-30,NSW,45-54
2095,2025-06-03,SA,25-34
2096,2025-09-28,TAS,18-24
2097,2025-06-06,NT,55-64
2098,2025-06-05,WA,25-34
2099,2025-06-05,WA,45-54
2100,2025-07-24,NSW,25-34
2101,2025-07-17,VIC,35-44
2102,2025-08-26,VIC,55-64
2103,2025-07-19,WA,18-24
2104,2025-06-09,TAS,45-54
2105,2025-09-07,NSW,35-44
2106,2025-06-20,TAS,35-44
2107,2025-09-30,QLD,35-44
2108,2025-09-21,QLD,55-64
2109,2025-07-31,NSW,18-24
2110,2025-09-14,NSW,25-34
2111,2025-07-05,VIC,55-64
2112,2025-07-20,QLD,45-54
2113,2025-08-21,NSW,18-24
2114,2025-08-01,VIC,35-44
2115,2025-06-17,SA,35-44
2116,2025-08-27,WA,25-34
2117,2025-06-03,TAS,25-34
2118,2025-07-02,VIC,45-54
2119,2025-09-07,NSW,25-34
2120,2025-09-10,QLD,45-54
2121,2025-06-13,VIC,45-54
2122,2025-09-28,NSW,25-34
2123,2025-09-19,NSW,25-34
2124,2025-08-28,VIC,25-34
2125,2025-08-12,NSW,35-44
2126,2025-08-07,VIC,45-54
2127,2025-06-14,NSW,25-34
2128,2025-09-09,NSW,35-44
2129,2025-09-06,QLD,25-34
2130,2025-06-11,QLD,25-34
2131,2025-09-13,QLD,18-24
2132,2025-07-26,NSW,18-24
2133,2025-08-06,NSW,25-34
2134,2025-08-31,QLD,25-34
2135,2025-06-29,QLD,55-64
2136,2025-06-09,VIC,45-54
2137,2025-08-06,VIC,25-34
2138,2025-06-25,TAS,25-34
2139,2025-09-06,VIC,25-34
2140,2025-08-15,VIC,25-34
2141,2025-07-12,QLD,35-44
2142,2025-06-09,VIC,25-34
2143,2025-08-18,VIC,25-34
2144,2025-07-10,VIC,18-24
2145,2025-06-25,WA,18-24
2146,2025-06-05,NSW,18-24
2147,2025-06-11,NSW,45-54
2148,2025-07-29,NSW,25-34
2149,2025-09-06,SA,35-44
2150,2025-08-27,NSW,35-44
2151,2025-08-18,NT,55-64
2152,2025-07-08,VIC,55-64
2153,2025-08-11,NT,45-54
2154,2025-06-05,TAS,18-24
2155,2025-07-18,VIC,35-44
2156,2025-08-29,NSW,45-54
2157,2025-06-18,NSW,18-24
2158,2025-08-09,NSW,35-44
2159,2025-07-07,QLD,55-64
2160,2025-07-30,NSW,35-44
2161,2025-07-18,VIC,18-24
2162,2025-08-16,VIC,18-24
2163,2025-06-28,TAS,25-34
2164,2025-08-08,NSW,18-24
2165,2025-08-16,NSW,35-44
2166,2025-08-20,NSW,45-54
2167,2025-09-22,SA,25-34
2168,2025-07-10,QLD,55-64
2169,2025-07-15,NSW,25-34
2170,2025-09-04,NSW,18-24
2171,2025-08-01,NSW,45-54
2172,2025-09-01,NSW,45-54
2173,2025-09-23,TAS,35-44
2174,2025-07-28,WA,55-64
2175,2025-08-06,VIC,45-54
2176,2025-07-26,SA,55-64
2177,2025-07-10,NSW,25-34
2178,2025-09-06,QLD,45-54
2179,2025-07-10,SA,65+
2180,2025-08-30,VIC,45-54
2181,2025-08-16,WA,18-24
2182,2025-09-17,NSW,35-44
2183,2025-07-03,NSW,35-44
2184,2025-06-06,NSW,25-34
2185,2025-08-27,VIC,65+
2186,2025-06-19,QLD,25-34
2187,2025-08-19,TAS,25-34
2188,2025-07-10,QLD,55-64
2189,2025-08-31,SA,35-44
2190,2025-09-05,WA,18-24
2191,2025-07-29,NSW,35-44
2192,2025-07-29,VIC,35-44
2193,2025-07-18,NSW,18-24
2194,2025-07-11,QLD,65+
2195,2025-06-13,TAS,35-44
2196,2025-09-15,NSW,35-44
2197,2025-07-15,QLD,35-44
2198,2025-08-28,QLD,35-44
2199,2025-07-23,VIC,25-34
2200,2025-07-12,VIC,25-34
2201,2025-09-08,VIC,35-44
2202,2025-08-02,NSW,45-54
2203,2025-06-27,NSW,18-24
2204,2025-07-08,NSW,35-44
2205,2025-07-30,VIC,45-54
2206,2025-06-07,NSW,18-24
2207,2025-06-05,SA,18-24
2208,2025-09-15,VIC,25-34
2209,2025-07-15,QLD,35-44
2210,2025-07-28,VIC,18-24
2211,2025-09-29,VIC,25-34
2212,2025-09-23,TAS,35-44
2213,2025-07-01,NSW,35-44
2214,2025-06-23,NSW,25-34
2215,2025-07-12,WA,25-34
2216,2025-06-10,NSW,45-54
2217,2025-07-02,NSW,65+
2218,2025-09-15,VIC,55-64
2219,2025-07-23,NSW,35-44
2220,2025-06-30,VIC,25-34
2221,2025-07-09,NSW,25-34
2222,2025-07-01,SA,18-24
2223,2025-08-21,WA,18-24
2224,2025-09-08,QLD,45-54
2225,2025-06-02,QLD,25-34
2226,2025-08-17,SA,25-34
2227,2025-08-16,NSW,65+
2228,2025-09-01,SA,25-34
2229,2025-06-12,WA,18-24
2230,2025-07-09,QLD,18-24
2231,2025-08-05,VIC,35-44
2232,2025-09-04,NSW,35-44
2233,2025-06-13,VIC,25-34
2234,2025-07-16,WA,35-44
2235,2025-06-27,NSW,45-54
2236,2025-09-21,WA,45-54
2237,2025-09-13,NSW,65+
2238,2025-06-17,NSW,45-54
2239,2025-09-12,NSW,35-44
2240,2025-09-03,NSW,25-34
2241,2025-09-06,VIC,18-24
2242,2025-07-30,NSW,18-24
2243,2025-08-03,NT,35-44
2244,2025-08-27,VIC,45-54
2245,2025-09-17,NSW,35-44
2246,2025-07-05,QLD,18-24
2247,2025-09-20,SA,35-44
2248,2025-08-09,QLD,55-64
2249,2025-08-22,NSW,35-44
2250,2025-06-30,SA,45-54
2251,2025-08-10,WA,45-54
2252,2025-08-13,NSW,55-64
2253,2025-09-13,NSW,45-54
2254,2025-09-04,VIC,45-54
2255,2025-09-06,NSW,25-34
2256,2025-08-02,WA,18-24
2257,2025-06-28,VIC,35-44
2258,2025-07-30,TAS,18-24
2259,2025-08-18,VIC,65+
2260,2025-09-02,NSW,25-34
2261,2025-07-07,NSW,55-64
2262,2025-09-01,VIC,25-34
2263,2025-06-22,WA,25-34
2264,2025-08-07,WA,55-64
2265,2025-06-20,NSW,25-34
2266,2025-09-04,NSW,25-34
2267,2025-09-08,NSW,18-24
2268,2025-09-22,QLD,35-44
2269,2025-08-07,NSW,25-34
2270,2025-08-30,VIC,35-44
2271,2025-08-03,QLD,35-44
2272,2025-06-17,TAS,45-54
2273,2025-06-12,NSW,45-54
2274,2025-06-22,NSW,35-44
2275,2025-06-17,QLD,25-34
2276,2025-06-10,QLD,45-54
2277,2025-09-26,VIC,25-34
2278,2025-08-04,TAS,35-44
2279,2025-06-22,SA,25-34
2280,2025-08-29,NSW,55-64
2281,2025-09-28,NSW,25-34
2282,2025-08-21,VIC,25-34
2283,2025-07-20,WA,45-54
2284,2025-06-14,NSW,35-44
2285,2025-08-03,QLD,18-24
2286,2025-07-17,QLD,35-44
2287,2025-06-29,NSW,45-54
2288,2025-08-15,QLD,65+
2289,2025-07-06,TAS,35-44
2290,2025-09-07,NSW,25-34
2291,2025-07-22,NSW,25-34
2292,2025-08-15,VIC,55-64
2293,2025-06-07,SA,45-54
2294,2025-06-29,ACT,25-34
2295,2025-06-11,VIC,25-34
2296,2025-07-03,WA,45-54
2297,2025-06-06,VIC,25-34
2298,2025-09-19,VIC,25-34
2299,2025-08-18,NSW,18-24
2300,2025-07-02,NSW,25-34
2301,2025-07-21,NSW,25-34
2302,2025-08-14,VIC,45-54
2303,2025-07-28,NSW,25-34
2304,2025-08-26,SA,25-34
2305,2025-06-26,NSW,25-34
2306,2025-09-06,NSW,35-44
2307,2025-07-16,VIC,25-34
2308,2025-09-06,QLD,35-44
2309,2025-06-29,NSW,45-54
2310,2025-06-04,NSW,18-24
2311,2025-08-20,ACT,18-24
2312,2025-09-07,NSW,18-24
2313,2025-06-13,NSW,35-44
2314,2025-09-13,WA,55-64
2315,2025-07-09,NSW,18-24
2316,2025-06-15,VIC,55-64
2317,2025-09-27,VIC,18-24
2318,2025-06-29,NSW,55-64
2319,2025-06-29,NSW,35-44
2320,2025-08-14,NSW,35-44
2321,2025-09-24,NSW,35-44
2322,2025-07-02,NSW,35-44
2323,2025-06-02,WA,45-54
2324,2025-07-17,VIC,45-54
2325,2025-08-17,VIC,35-44
2326,2025-08-23,SA,18-24
2327,2025-06-22,QLD,18-24
2328,2025-08-14,NSW,45-54
2329,2025-06-27,TAS,35-44
2330,2025-08-06,NSW,35-44
2331,2025-08-20,NSW,45-54
2332,2025-09-16,WA,55-64
2333,2025-07-26,VIC,35-44
2334,2025-08-31,VIC,45-54
2335,2025-09-01,NSW,45-54
2336,2025-06-21,VIC,25-34
2337,2025-07-17,NSW,25-34
2338,2025-08-19,SA,45-54
2339,2025-09-09,NSW,25-34
2340,2025-07-29,SA,55-64
2341,2025-08-23,VIC,18-24
2342,2025-06-06,WA,18-24
2343,2025-06-19,QLD,55-64
2344,2025-07-27,QLD,35-44
2345,2025-08-08,NSW,25-34
2346,2025-06-03,NSW,45-54
2347,2025-06-01,NSW,35-44
2348,2025-07-28,SA,35-44
2349,2025-07-08,WA,18-24
2350,2025-06-15,VIC,45-54
2351,2025-07-04,NSW,55-64
2352,2025-07-31,VIC,25-34
2353,2025-07-05,QLD,55-64
2354,2025-08-03,VIC,55-64
2355,2025-09-21,WA,35-44
2356,2025-06-25,NT,35-44
2357,2025-06-24,NSW,25-34
2358,2025-06-12,VIC,25-34
2359,2025-06-18,VIC,45-54
2360,2025-06-15,NSW,55-64
2361,2025-09-16,NSW,35-44
2362,2025-08-19,NSW,35-44
2363,2025-06-27,SA,18-24
2364,2025-08-11,VIC,18-24
2365,2025-07-30,VIC,25-34
2366,2025-07-16,TAS,18-24
2367,2025-08-28,WA,35-44
2368,2025-06-17,NSW,25-34
2369,2025-09-01,VIC,45-54
2370,2025-07-23,VIC,25-34
2371,2025-06-08,WA,35-44
2372,2025-08-18,QLD,35-44
2373,2025-06-27,QLD,18-24
2374,2025-07-16,VIC,18-24
2375,2025-07-20,WA,25-34
2376,2025-09-24,NSW,55-64
2377,2025-08-10,NSW,18-24
2378,2025-06-03,VIC,45-54
2379,2025-09-01,NSW,65+
2380,2025-08-03,NSW,45-54
2381,2025-07-14,WA,25-34
2382,2025-07-23,TAS,55-64
2383,2025-06-24,NSW,18-24
2384,2025-07-30,NSW,35-44
2385,2025-09-30,NSW,55-64
2386,2025-06-03,NSW,35-44
2387,2025-06-20,NSW,25-34
2388,2025-07-16,TAS,25-34
2389,2025-06-15,NSW,25-34
2390,2025-06-25,VIC,35-44
2391,2025-09-02,NSW,25-34
2392,2025-08-17,SA,65+
2393,2025-08-10,QLD,55-64
2394,2025-06-17,TAS,55-64
2395,2025-09-16,WA,25-34
2396,2025-08-23,NSW,45-54
2397,2025-09-08,NSW,55-64
2398,2025-06-09,QLD,55-64
2399,2025-07-08,VIC,25-34
2400,2025-07-18,VIC,18-24
2401,2025-09-29,NSW,18-24
2402,2025-07-30,NSW,35-44
2403,2025-08-02,VIC,35-44
2404,2025-08-25,VIC,55-64
2405,2025-09-26,WA,25-34
2406,2025-09-25,NSW,25-34
2407,2025-09-25,VIC,25-34
2408,2025-06-02,NSW,25-34
2409,2025-08-27,NSW,18-24
2410,2025-08-11,VIC,35-44
2411,2025-06-11,NSW,35-44
2412,2025-08-03,NSW,45-54
2413,2025-08-16,NSW,25-34
2414,2025-08-20,NSW,25-34
2415,2025-08-11,NSW,35-44
2416,2025-06-21,NSW,55-64
2417,2025-06-18,NSW,18-24
2418,2025-09-02,NSW,45-54
2419,2025-08-03,QLD,25-34
2420,2025-08-21,NSW,55-64
2421,2025-09-18,NSW,45-54
2422,2025-09-19,VIC,25-34
2423,2025-09-03,QLD,45-54
2424,2025-07-08,SA,18-24
2425,2025-07-02,WA,55-64
2426,2025-06-11,QLD,25-34
2427,2025-07-15,VIC,25-34
2428,2025-08-28,QLD,45-54
2429,2025-07-03,VIC,45-54
2430,2025-09-10,NSW,25-34
2431,2025-07-11,NSW,35-44
2432,2025-06-08,NSW,25-34
2433,2025-06-11,TAS,25-34
2434,2025-08-25,VIC,45-54
2435,2025-07-21,QLD,25-34
2436,2025-08-27,VIC,25-34
2437,2025-07-11,VIC,45-54
2438,2025-06-17,NSW,18-24
2439,2025-08-15,NSW,35-44
2440,2025-09-29,WA,25-34
2441,2025-07-16,VIC,18-24
2442,2025-07-02,VIC,25-34
2443,2025-08-18,WA,35-44
2444,2025-08-19,NSW,45-54
2445,2025-07-24,ACT,18-24
2446,2025-08-25,VIC,18-24
2447,2025-08-31,VIC,55-64
2448,2025-06-20,NSW,18-24
2449,2025-07-03,NSW,55-64
2450,2025-08-13,NSW,25-34
2451,2025-07-10,QLD,45-54
2452,2025-07-02,SA,25-34
2453,2025-09-22,WA,55-64
2454,2025-09-05,NSW,45-54
2455,2025-06-02,VIC,25-34
2456,2025-09-05,NSW,18-24
2457,2025-07-03,NSW,45-54
2458,2025-09-13,QLD,35-44
2459,2025-08-16,VIC,18-24
2460,2025-06-30,NSW,18-24
2461,2025-07-03,NSW,45-54
2462,2025-08-16,NT,25-34
2463,2025-09-24,NSW,35-44
2464,2025-06-26,VIC,25-34
2465,2025-06-22,VIC,55-64
2466,2025-09-11,NSW,55-64
2467,2025-08-05,NSW,65+
2468,2025-07-08,VIC,18-24
2469,2025-09-11,WA,55-64
2470,2025-08-29,VIC,25-34
2471,2025-07-16,QLD,35-44
2472,2025-09-30,NT,35-44
2473,2025-09-22,WA,18-24
2474,2025-06-15,VIC,55-64
2475,2025-09-06,VIC,18-24
2476,2025-09-14,QLD,45-54
2477,2025-09-27,QLD,45-54
2478,2025-07-14,VIC,45-54
2479,2025-07-19,QLD,18-24
2480,2025-09-12,NSW,25-34
2481,2025-08-14,VIC,45-54
2482,2025-07-31,NSW,25-34
2483,2025-08-06,NSW,35-44
2484,2025-06-06,NSW,25-34
2485,2025-06-09,QLD,35-44
2486,2025-06-06,VIC,55-64
2487,2025-08-12,NSW,25-34
2488,2025-09-11,VIC,35-44
2489,2025-09-03,VIC,25-34
2490,2025-07-02,NSW,35-44
2491,2025-07-11,QLD,18-24
2492,2025-09-22,WA,25-34
2493,2025-08-15,WA,25-34
2494,2025-06-08,QLD,35-44
2495,2025-08-11,VIC,25-34
2496,2025-07-20,NSW,25-34
2497,2025-08-31,NSW,25-34
2498,2025-08-01,NSW,25-34
2499,2025-08-23,ACT,55-64
2500,2025-08-01,NSW,35-44
2501,2025-09-19,NSW,18-24
2502,2025-06-07,SA,18-24
2503,2025-08-14,TAS,65+
2504,2025-08-23,WA,25-34
2505,2025-08-19,NSW,45-54
2506,2025-06-04,NSW,18-24
2507,2025-06-06,VIC,55-64
2508,2025-07-28,NSW,55-64
2509,2025-06-22,NSW,35-44
2510,2025-06-26,VIC,18-24
2511,2025-06-03,TAS,25-34
2512,2025-07-11,NSW,25-34
2513,2025-07-30,QLD,35-44
2514,2025-09-14,QLD,25-34
2515,2025-06-14,NSW,18-24
2516,2025-08-14,QLD,35-44
2517,2025-08-21,NSW,35-44
2518,2025-09-26,NSW,25-34
2519,2025-06-12,QLD,18-24
2520,2025-08-26,NSW,65+
2521,2025-06-12,NT,35-44
2522,2025-06-13,NSW,45-54
2523,2025-06-25,QLD,25-34
2524,2025-07-15,VIC,18-24
2525,2025-09-23,NSW,25-34
2526,2025-09-30,NSW,25-34
2527,2025-06-19,QLD,45-54
2528,2025-07-25,WA,35-44
2529,2025-09-18,SA,25-34
2530,2025-09-08,VIC,65+
2531,2025-07-15,WA,25-34
2532,2025-06-08,QLD,65+
2533,2025-09-01,QLD,65+
2534,2025-09-27,VIC,25-34
2535,2025-07-23,QLD,25-34
2536,2025-07-25,WA,35-44
2537,2025-07-02,VIC,35-44
2538,2025-07-21,WA,35-44
2539,2025-07-14,QLD,65+
2540,2025-08-21,NSW,45-54
2541,2025-08-09,NSW,25-34
2542,2025-06-18,VIC,18-24
2543,2025-08-22,VIC,45-54
2544,2025-06-22,WA,18-24
2545,2025-07-07,NSW,45-54
2546,2025-09-04,WA,25-34
2547,2025-07-26,SA,25-34
2548,2025-09-13,NSW,18-24
2549,2025-07-29,SA,45-54
2550,2025-06-03,NT,18-24
2551,2025-06-28,QLD,45-54
2552,2025-08-13,WA,35-44
2553,2025-09-23,NT,45-54
2554,2025-07-05,QLD,35-44
2555,2025-07-31,NSW,18-24
2556,2025-09-01,WA,45-54
2557,2025-07-24,QLD,18-24
2558,2025-08-02,VIC,35-44
2559,2025-08-18,NSW,25-34
2560,2025-09-05,WA,45-54
2561,2025-06-07,NSW,55-64
2562,2025-08-15,TAS,35-44
2563,2025-07-19,NSW,35-44
2564,2025-09-02,NSW,45-54
2565,2025-08-24,VIC,18-24
2566,2025-07-01,NSW,55-64
2567,2025-07-28,QLD,25-34
2568,2025-07-31,SA,65+
2569,2025-06-24,WA,45-54
2570,2025-06-20,NSW,45-54
2571,2025-07-07,NSW,35-44
2572,2025-06-04,WA,35-44
2573,2025-08-31,TAS,35-44
2574,2025-09-16,VIC,18-24
2575,2025-06-20,VIC,35-44
2576,2025-07-30,NSW,35-44
2577,2025-06-24,SA,55-64
2578,2025-07-20,QLD,35-44
2579,2025-07-19,NSW,18-24
2580,2025-07-21,NSW,25-34
2581,2025-09-04,SA,35-44
2582,2025-09-13,NSW,25-34
2583,2025-07-06,NSW,25-34
2584,2025-09-30,VIC,45-54
2585,2025-09-25,NSW,35-44
2586,2025-09-06,NSW,35-44
2587,2025-09-08,WA,25-34
2588,2025-08-05,SA,45-54
2589,2025-08-18,WA,25-34
2590,2025-07-04,SA,45-54
2591,2025-07-06,VIC,18-24
2592,2025-06-06,WA,55-64
2593,2025-07-09,VIC,35-44
2594,2025-07-12,QLD,25-34
2595,2025-09-23,NT,35-44
2596,2025-09-23,NSW,35-44
2597,2025-07-28,VIC,18-24
2598,2025-09-26,VIC,45-54
2599,2025-06-12,NSW,25-34
2600,2025-06-03,NSW,55-64
2601,2025-09-17,WA,45-54
2602,2025-06-18,ACT,25-34
2603,2025-07-10,VIC,45-54
2604,2025-06-21,NSW,25-34
2605,2025-06-15,NSW,18-24
2606,2025-09-05,SA,65+
2607,2025-09-07,VIC,35-44
2608,2025-06-26,NSW,25-34
2609,2025-06-08,VIC,25-34
2610,2025-09-08,NSW,25-34
2611,2025-09-20,VIC,65+
2612,2025-09-02,SA,18-24
2613,2025-08-26,QLD,25-34
2614,2025-07-12,QLD,35-44
2615,2025-07-14,VIC,35-44
2616,2025-06-14,QLD,35-44
2617,2025-08-17,QLD,25-34
2618,2025-06-02,NSW,18-24
2619,2025-09-27,VIC,25-34
2620,2025-07-07,NSW,55-64
2621,2025-08-08,WA,18-24
2622,2025-07-08,VIC,45-54
2623,2025-09-17,NT,45-54
2624,2025-07-11,NSW,45-54
2625,2025-08-01,WA,55-64
2626,2025-09-26,QLD,25-34
2627,2025-07-30,WA,25-34
2628,2025-09-19,NSW,35-44
2629,2025-06-14,VIC,25-34
2630,2025-09-28,WA,45-54
2631,2025-09-11,NSW,35-44
2632,2025-08-28,NSW,55-64
2633,2025-08-23,VIC,18-24
2634,2025-06-02,VIC,55-64
2635,2025-09-11,NSW,25-34
2636,2025-08-09,NSW,35-44
2637,2025-06-17,NSW,25-34
2638,2025-08-28,WA,45-54
2639,2025-09-29,QLD,25-34
2640,2025-06-28,WA,65+
2641,2025-08-05,ACT,55-64
2642,2025-07-05,VIC,55-64
2643,2025-09-09,NSW,18-24
2644,2025-06-05,NSW,55-64
2645,2025-08-04,NSW,45-54
2646,2025-07-10,TAS,18-24
2647,2025-08-15,VIC,18-24
2648,2025-07-26,NSW,18-24
2649,2025-07-06,VIC,18-24
2650,2025-07-15,QLD,35-44
2651,2025-06-23,QLD,65+
2652,2025-07-17,NSW,25-34
2653,2025-07-01,ACT,35-44
2654,2025-06-11,VIC,65+
2655,2025-06-10,NSW,25-34
2656,2025-08-06,SA,55-64
2657,2025-09-26,NSW,35-44
2658,2025-06-14,SA,35-44
2659,2025-08-19,NT,25-34
2660,2025-08-13,QLD,35-44
2661,2025-09-01,WA,18-24
2662,2025-06-10,VIC,45-54
2663,2025-08-15,TAS,25-34
2664,2025-09-02,VIC,55-64
2665,2025-09-13,QLD,25-34
2666,2025-06-01,TAS,18-24
2667,2025-06-05,ACT,45-54
2668,2025-06-20,WA,25-34
2669,2025-06-08,NSW,45-54
2670,2025-07-13,ACT,65+
2671,2025-08-15,QLD,45-54
2672,2025-06-01,TAS,18-24
2673,2025-07-27,QLD,35-44
2674,2025-08-03,NSW,45-54
2675,2025-09-26,VIC,45-54
2676,2025-08-23,VIC,18-24
2677,2025-06-28,WA,35-44
2678,2025-09-29,NSW,35-44
2679,2025-09-15,VIC,25-34
2680,2025-07-07,VIC,25-34
2681,2025-07-17,WA,25-34
2682,2025-09-09,VIC,45-54
2683,2025-08-15,NSW,55-64
2684,2025-07-07,NSW,35-44
2685,2025-07-19,NSW,25-34
2686,2025-09-21,VIC,25-34
2687,2025-09-28,NSW,65+
2688,2025-07-14,NSW,65+
2689,2025-07-26,TAS,55-64
2690,2025-06-28,SA,45-54
2691,2025-09-19,VIC,25-34
2692,2025-08-18,NT,45-54
2693,2025-06-06,NSW,25-34
2694,2025-09-16,QLD,25-34
2695,2025-07-31,QLD,45-54
2696,2025-06-20,VIC,18-24
2697,2025-09-22,VIC,18-24
2698,2025-08-17,VIC,25-34
2699,2025-06-02,VIC,25-34
2700,2025-08-12,QLD,55-64
2701,2025-07-07,NSW,18-24
2702,2025-06-20,NSW,18-24
2703,2025-06-26,NSW,18-24
2704,2025-06-29,NSW,18-24
2705,2025-06-01,VIC,18-24
2706,2025-09-27,NSW,35-44
2707,2025-07-05,SA,25-34
2708,2025-08-09,NSW,45-54
2709,2025-09-09,NSW,65+
2710,2025-09-25,QLD,35-44
2711,2025-07-29,NSW,18-24
2712,2025-08-08,QLD,18-24
2713,2025-07-03,QLD,55-64
2714,2025-09-21,NSW,35-44
2715,2025-07-21,NSW,45-54
2716,2025-08-17,VIC,55-64
2717,2025-06-12,NSW,55-64
2718,2025-09-14,NSW,65+
2719,2025-06-20,NSW,35-44
2720,2025-07-23,NSW,25-34
2721,2025-09-22,VIC,65+
2722,2025-08-27,QLD,35-44
2723,2025-07-13,QLD,18-24
2724,2025-09-06,NSW,35-44
2725,2025-08-28,NSW,35-44
2726,2025-07-20,SA,55-64
2727,2025-06-29,VIC,35-44
2728,2025-07-27,SA,25-34
2729,2025-07-09,VIC,65+
2730,2025-09-03,QLD,45-54
2731,2025-07-26,VIC,35-44
2732,2025-09-19,NSW,25-34
2733,2025-07-13,VIC,25-34
2734,2025-07-20,VIC,35-44
2735,2025-06-23,NSW,18-24
2736,2025-07-14,NSW,25-34
2737,2025-07-08,WA,45-54
2738,2025-08-23,TAS,35-44
2739,2025-06-23,VIC,25-34
2740,2025-07-15,NSW,18-24
2741,2025-07-22,NSW,25-34
2742,2025-08-19,QLD,45-54
2743,2025-07-20,NSW,25-34
2744,2025-09-14,NT,18-24
2745,2025-09-27,NSW,35-44
2746,2025-06-08,VIC,65+
2747,2025-09-22,QLD,35-44
2748,2025-08-24,WA,18-24
2749,2025-06-01,VIC,25-34
2750,2025-09-27,VIC,55-64
2751,2025-06-08,NT,25-34
2752,2025-06-29,NSW,35-44
2753,2025-09-04,SA,25-34
2754,2025-09-10,NSW,25-34
2755,2025-06-05,WA,45-54
2756,2025-09-19,QLD,45-54
2757,2025-08-25,VIC,35-44
2758,2025-07-17,SA,25-34
2759,2025-07-04,NSW,18-24
2760,2025-08-04,NSW,35-44
2761,2025-07-25,VIC,35-44
2762,2025-09-27,VIC,25-34
2763,2025-08-29,QLD,18-24
2764,2025-07-13,NSW,18-24
2765,2025-08-13,NSW,65+
2766,2025-06-30,NSW,45-54
2767,2025-09-22,NSW,55-64
2768,2025-08-21,VIC,25-34
2769,2025-06-17,WA,65+
2770,2025-06-26,SA,18-24
2771,2025-06-08,WA,35-44
2772,2025-07-17,NSW,45-54
2773,2025-09-12,VIC,25-34
2774,2025-09-21,NSW,25-34
2775,2025-08-15,NSW,18-24
2776,2025-08-30,VIC,18-24
2777,2025-08-11,NSW,35-44
2778,2025-08-28,NSW,35-44
2779,2025-07-16,TAS,45-54
2780,2025-08-07,VIC,35-44
2781,2025-07-03,VIC,35-44
2782,2025-06-01,NSW,18-24
2783,2025-06-19,NSW,25-34
2784,2025-07-01,SA,65+
2785,2025-08-19,NSW,18-24
2786,2025-06-14,VIC,35-44
2787,2025-07-23,NSW,25-34
2788,2025-07-18,VIC,45-54
2789,2025-08-08,NSW,45-54
2790,2025-09-13,WA,25-34
2791,2025-08-29,WA,25-34
2792,2025-08-01,WA,35-44
2793,2025-08-31,NSW,25-34
2794,2025-08-05,WA,25-34
2795,2025-09-22,VIC,45-54
2796,2025-08-03,VIC,18-24
2797,2025-08-09,QLD,55-64
2798,2025-08-02,NSW,35-44
2799,2025-08-12,NSW,18-24
2800,2025-07-03,QLD,45-54
2801,2025-07-11,NSW,35-44
2802,2025-08-28,QLD,25-34
2803,2025-07-18,VIC,25-34
2804,2025-06-13,SA,25-34
2805,2025-08-12,ACT,25-34
2806,2025-09-25,SA,25-34
2807,2025-08-16,NSW,25-34
2808,2025-07-01,NSW,25-34
2809,2025-09-13,VIC,45-54
2810,2025-08-14,NSW,45-54
2811,2025-08-07,NSW,35-44
2812,2025-09-06,VIC,45-54
2813,2025-09-10,VIC,55-64
2814,2025-09-18,NT,35-44
2815,2025-06-04,NSW,35-44
2816,2025-09-10,NSW,25-34
2817,2025-06-19,NSW,55-64
2818,2025-08-09,TAS,18-24
2819,2025-09-06,WA,25-34
2820,2025-08-21,WA,45-54
2821,2025-06-13,SA,18-24
2822,2025-09-13,VIC,25-34
2823,2025-06-23,VIC,35-44
2824,2025-08-22,VIC,35-44
2825,2025-09-17,VIC,45-54
2826,2025-08-14,VIC,45-54
2827,2025-06-01,VIC,18-24
2828,2025-08-27,TAS,18-24
2829,2025-07-24,NT,45-54
2830,2025-08-10,WA,25-34
2831,2025-08-28,WA,35-44
2832,2025-08-24,QLD,18-24
2833,2025-06-15,NSW,35-44
2834,2025-08-04,NSW,35-44
2835,2025-08-15,QLD,35-44
2836,2025-09-30,QLD,35-44
2837,2025-08-10,NSW,35-44
2838,2025-06-15,TAS,25-34
2839,2025-06-21,NSW,18-24
2840,2025-06-19,NSW,18-24
2841,2025-07-30,QLD,25-34
2842,2025-09-01,NSW,25-34
2843,2025-08-28,NSW,35-44
2844,2025-07-03,VIC,25-34
2845,2025-07-19,WA,45-54
2846,2025-09-04,VIC,55-64
2847,2025-09-21,QLD,25-34
2848,2025-07-05,VIC,25-34
2849,2025-07-14,NSW,18-24
2850,2025-09-10,NT,35-44
2851,2025-08-29,NSW,25-34
2852,2025-06-11,ACT,25-34
2853,2025-09-07,VIC,35-44
2854,2025-08-11,ACT,18-24
2855,2025-09-18,NSW,35-44
2856,2025-08-17,VIC,35-44
2857,2025-08-13,NSW,45-54
2858,2025-08-05,NSW,18-24
2859,2025-07-16,QLD,55-64
2860,2025-06-09,NSW,45-54
2861,2025-06-03,VIC,25-34
2862,2025-08-24,NSW,25-34
2863,2025-06-26,VIC,25-34
2864,2025-08-11,WA,45-54
2865,2025-07-18,VIC,55-64
2866,2025-08-05,QLD,35-44
2867,2025-08-09,QLD,55-64
2868,2025-06-28,SA,18-24
2869,2025-09-25,NSW,18-24
2870,2025-09-01,QLD,55-64
2871,2025-06-26,ACT,45-54
2872,2025-06-25,QLD,25-34
2873,2025-06-12,VIC,45-54
2874,2025-06-05,QLD,65+
2875,2025-09-06,QLD,45-54
2876,2025-07-18,QLD,55-64
2877,2025-07-07,NSW,45-54
2878,2025-08-18,NSW,25-34
2879,2025-07-14,WA,45-54
2880,2025-09-08,NSW,25-34
2881,2025-06-15,QLD,55-64
2882,2025-07-13,VIC,25-34
2883,2025-07-18,VIC,35-44
2884,2025-08-26,NSW,35-44
2885,2025-08-09,NSW,18-24
2886,2025-07-16,ACT,25-34
2887,2025-09-22,SA,65+
2888,2025-09-16,QLD,65+
2889,2025-07-13,VIC,25-34
2890,2025-09-17,QLD,65+
2891,2025-06-21,QLD,55-64
2892,2025-06-23,VIC,35-44
2893,2025-09-15,NSW,18-24
2894,2025-09-27,QLD,55-64
2895,2025-08-19,WA,35-44
2896,2025-07-17,NT,55-64
2897,2025-09-25,NSW,45-54
2898,2025-06-15,QLD,45-54
2899,2025-06-25,VIC,45-54
2900,2025-07-06,VIC,25-34
2901,2025-08-14,NSW,25-34
2902,2025-07-21,VIC,25-34
2903,2025-06-15,VIC,18-24
2904,2025-08-07,NSW,35-44
2905,2025-06-21,QLD,45-54
2906,2025-06-13,QLD,55-64
2907,2025-08-25,VIC,18-24
2908,2025-06-19,TAS,35-44
2909,2025-07-04,VIC,18-24
2910,2025-08-17,NSW,18-24
2911,2025-08-07,QLD,18-24
2912,2025-09-20,NSW,45-54
2913,2025-09-25,NSW,18-24
2914,2025-07-22,NSW,45-54
2915,2025-09-18,NSW,25-34
2916,2025-06-27,WA,55-64
2917,2025-06-29,NSW,45-54
2918,2025-09-19,VIC,65+
2919,2025-06-28,NSW,55-64
2920,2025-07-05,QLD,55-64
2921,2025-06-08,VIC,55-64
2922,2025-06-16,QLD,45-54
2923,2025-09-14,VIC,25-34
2924,2025-07-06,NSW,25-34
2925,2025-06-30,VIC,25-34
2926,2025-06-18,NSW,35-44
2927,2025-06-02,VIC,35-44
2928,2025-07-19,NSW,55-64
2929,2025-08-16,TAS,65+
2930,2025-06-04,NSW,25-34
2931,2025-08-29,QLD,35-44
2932,2025-08-28,NSW,65+
2933,2025-09-02,NSW,25-34
2934,2025-08-14,VIC,45-54
2935,2025-06-07,SA,25-34
2936,2025-09-03,NSW,45-54
2937,2025-09-16,NSW,25-34
2938,2025-08-13,NSW,55-64
2939,2025-07-09,NSW,35-44
2940,2025-06-13,NSW,25-34
2941,2025-07-01,VIC,25-34
2942,2025-08-10,NSW,35-44
2943,2025-08-02,NSW,65+
2944,2025-07-26,QLD,45-54
2945,2025-09-21,VIC,35-44
2946,2025-07-12,NSW,25-34
2947,2025-07-31,NSW,35-44
2948,2025-07-12,QLD,45-54
2949,2025-07-26,NSW,45-54
2950,2025-07-06,VIC,25-34
2951,2025-08-23,NSW,45-54
2952,2025-08-07,VIC,35-44
2953,2025-09-26,NSW,65+
2954,2025-06-07,QLD,55-64
2955,2025-07-24,WA,45-54
2956,2025-06-01,QLD,45-54
2957,2025-07-14,NSW,25-34
2958,2025-09-28,NSW,55-64
2959,2025-07-15,NSW,25-34
2960,2025-09-14,NSW,25-34
2961,2025-07-17,NSW,25-34
2962,2025-06-13,WA,45-54
2963,2025-09-27,VIC,18-24
2964,2025-06-22,VIC,25-34
2965,2025-09-26,QLD,35-44
2966,2025-06-21,VIC,18-24
2967,2025-08-25,NSW,25-34
2968,2025-08-31,WA,45-54
2969,2025-06-09,NSW,45-54
2970,2025-06-26,QLD,25-34
2971,2025-06-09,WA,55-64
2972,2025-06-15,QLD,45-54
2973,2025-06-10,VIC,25-34
2974,2025-08-27,NSW,45-54
2975,2025-09-30,VIC,65+
2976,2025-09-29,QLD,25-34
2977,2025-07-12,VIC,25-34
2978,2025-08-11,SA,65+
2979,2025-06-24,NSW,35-44
2980,2025-08-19,NSW,18-24
2981,2025-07-19,NSW,35-44
2982,2025-06-26,VIC,35-44
2983,2025-08-30,VIC,55-64
2984,2025-07-07,QLD,35-44
2985,2025-08-07,QLD,25-34
2986,2025-07-20,WA,35-44
2987,2025-06-24,SA,35-44
2988,2025-06-19,WA,25-34
2989,2025-09-08,NSW,35-44
2990,2025-07-30,QLD,45-54
2991,2025-07-09,NSW,18-24
2992,2025-08-13,NSW,35-44
2993,2025-08-28,QLD,25-34
2994,2025-06-18,NSW,25-34
2995,2025-06-19,NSW,25-34
2996,2025-07-06,NSW,25-34
2997,2025-08-13,NSW,45-54
2998,2025-09-05,SA,25-34
2999,2025-07-25,NSW,45-54
3000,2025-09-22,NSW,18-24
